Rk,Player,Pos,Age,Tm,G,MP,FG%,2P,0-3,3-10,10-16,16-3P,3P,2P,0-3,3-10,10-16,16-3P,3P,-9999
1,Precious Achiuwa,C,22,TOR,73,1725,.439,.741,.348,.274,.085,.035,.259,.468,.614,.345,.373,.190,.359,achiupr01
2,Steven Adams,C,28,MEM,76,1999,.547,.997,.693,.260,.042,.003,.003,.548,.632,.350,.438,.000,.000,adamsst01
3,Bam Adebayo,C,24,MIA,56,1825,.557,.992,.395,.309,.200,.088,.008,.562,.771,.467,.404,.313,.000,adebaba01
4,Santi Aldama,PF,21,MEM,32,360,.402,.636,.333,.205,.091,.008,.364,.560,.682,.444,.417,.000,.125,aldamsa01
5,LaMarcus Aldridge,C,36,BRK,47,1050,.550,.900,.210,.170,.240,.279,.100,.578,.729,.513,.509,.563,.304,aldrila01
6,Nickeil Alexander-Walker,SG,23,TOT,65,1466,.372,.503,.213,.162,.071,.057,.497,.433,.579,.318,.375,.282,.311,alexani01
6,Nickeil Alexander-Walker,SG,23,NOP,50,1317,.375,.517,.217,.166,.074,.060,.483,.434,.584,.333,.362,.263,.311,alexani01
6,Nickeil Alexander-Walker,SG,23,UTA,15,149,.333,.313,.167,.104,.021,.021,.688,.400,.500,.000,1.000,1.000,.303,alexani01
7,Grayson Allen,SG,26,MIL,66,1805,.448,.316,.158,.097,.047,.014,.684,.533,.678,.400,.370,.375,.409,allengr01
8,Jarrett Allen,C,23,CLE,56,1809,.677,.982,.624,.294,.046,.018,.018,.688,.809,.469,.480,.600,.100,allenja01
9,Jose Alvarado,PG,23,NOP,54,834,.446,.626,.235,.248,.099,.044,.374,.538,.609,.507,.483,.462,.291,alvarjo01
10,Justin Anderson,SF,28,TOT,16,316,.379,.379,.147,.095,.042,.095,.621,.583,.714,.444,.250,.667,.254,anderju01
10,Justin Anderson,SF,28,CLE,3,47,.500,.250,.125,.000,.000,.125,.750,1.000,1.000,,,1.000,.333,anderju01
10,Justin Anderson,SF,28,IND,13,269,.368,.391,.149,.103,.046,.092,.609,.559,.692,.444,.250,.625,.245,anderju01
11,Kyle Anderson,PF,28,MEM,69,1484,.446,.768,.279,.303,.141,.045,.232,.481,.641,.437,.333,.238,.330,anderky01
12,Giannis Antetokounmpo,PF,27,MIL,67,2204,.553,.806,.406,.198,.120,.082,.194,.616,.808,.421,.416,.431,.293,antetgi01
13,Thanasis Antetokounmpo,SF,29,MIL,48,473,.547,.891,.672,.172,.039,.008,.109,.596,.686,.318,.200,1.000,.143,antetth01
14,Carmelo Anthony,PF,37,LAL,69,1793,.441,.451,.101,.066,.152,.131,.549,.521,.671,.417,.500,.484,.375,anthoca01
15,Cole Anthony,PG,21,ORL,65,2059,.391,.571,.147,.214,.095,.115,.429,.432,.590,.385,.448,.305,.338,anthoco01
16,OG Anunoby,SF,24,TOR,48,1728,.443,.545,.263,.125,.080,.077,.455,.511,.689,.356,.393,.278,.363,anunoog01
17,Ryan Arcidiacono,PG,27,NYK,10,76,.500,.250,.000,.083,.167,.000,.750,.667,,1.000,.500,,.444,arcidry01
18,Trevor Ariza,SF,36,LAL,24,462,.333,.253,.162,.081,.010,.000,.747,.520,.688,.250,.000,,.270,arizatr01
19,D.J. Augustin,PG,34,TOT,55,883,.423,.261,.131,.086,.018,.027,.739,.448,.586,.368,.250,.167,.415,augusdj01
19,D.J. Augustin,PG,34,HOU,34,510,.404,.294,.162,.074,.022,.037,.706,.400,.545,.300,.000,.200,.406,augusdj01
19,D.J. Augustin,PG,34,LAL,21,373,.453,.209,.081,.105,.012,.012,.791,.556,.714,.444,1.000,.000,.426,augusdj01
20,Deni Avdija,SF,21,WAS,82,1984,.432,.553,.221,.261,.040,.031,.447,.525,.633,.464,.435,.389,.317,avdijde01
21,Joel Ayayi,SG,21,WAS,7,20,.167,.833,.167,.333,.167,.167,.167,.200,.000,.000,1.000,.000,.000,ayayijo01
22,Deandre Ayton,C,23,PHO,58,1713,.634,.973,.333,.397,.184,.059,.027,.642,.793,.588,.555,.415,.368,aytonde01
23,Udoka Azubuike,C,22,UTA,17,195,.755,1.000,.694,.286,.020,.000,.000,.755,.824,.643,.000,,,azubuud01
24,Marvin Bagley III,PF,22,TOT,48,1146,.504,.783,.327,.363,.081,.011,.217,.579,.795,.457,.306,.200,.237,baglema01
24,Marvin Bagley III,PF,22,SAC,30,656,.463,.748,.289,.350,.098,.012,.252,.538,.718,.442,.375,.333,.242,baglema01
24,Marvin Bagley III,PF,22,DET,18,490,.555,.825,.375,.380,.060,.010,.175,.624,.867,.474,.167,.000,.229,baglema01
25,LaMelo Ball,PG,20,CHO,75,2422,.429,.549,.204,.176,.104,.065,.451,.462,.582,.398,.389,.370,.389,ballla01
26,Lonzo Ball,PG,24,CHI,35,1212,.423,.321,.154,.047,.057,.063,.679,.423,.610,.333,.273,.167,.423,balllo01
27,Mo Bamba,C,23,ORL,71,1824,.480,.545,.285,.157,.045,.057,.455,.563,.727,.433,.286,.314,.381,bambamo01
28,Desmond Bane,SG,23,MEM,76,2266,.461,.525,.153,.156,.116,.099,.475,.484,.669,.384,.438,.413,.436,banede01
29,Dalano Banton,PG,22,TOR,64,696,.411,.748,.332,.233,.119,.064,.252,.464,.612,.362,.292,.385,.255,bantoda01
30,Cat Barber,PG,27,ATL,3,13,.000,1.000,.500,.000,.000,.500,.000,.000,.000,,,.000,,barbeca01
31,Harrison Barnes,PF,29,SAC,77,2587,.469,.568,.237,.283,.041,.007,.432,.525,.682,.403,.471,.500,.394,barneha02
32,Scottie Barnes,PF,20,TOR,74,2617,.492,.793,.264,.325,.116,.088,.207,.543,.711,.502,.398,.378,.301,barnesc01
33,RJ Barrett,SF,21,NYK,70,2417,.408,.662,.309,.243,.068,.042,.338,.442,.596,.307,.309,.300,.342,barrerj01
34,Will Barton,SG,31,DEN,71,2277,.438,.520,.186,.180,.067,.087,.480,.504,.701,.398,.433,.359,.365,bartowi01
35,Paris Bass,SF,26,PHO,2,7,.333,.667,.333,.333,.000,.000,.333,.500,1.000,.000,,,.000,basspa01
36,Charles Bassey,C,21,PHI,23,168,.638,.915,.574,.213,.106,.021,.085,.698,.741,.700,.600,.000,.000,bassech01
37,Keita Bates-Diop,SF,26,SAS,59,956,.517,.791,.502,.198,.046,.046,.209,.572,.682,.385,.500,.250,.309,bateske01
38,Nicolas Batum,PF,33,LAC,59,1462,.463,.302,.121,.044,.057,.080,.698,.607,.809,.412,.636,.387,.400,batumni01
39,Kent Bazemore,SF,32,LAL,39,545,.324,.424,.173,.094,.058,.101,.576,.271,.333,.308,.125,.214,.363,bazemke01
40,Darius Bazley,PF,21,OKC,69,1924,.422,.586,.307,.251,.011,.017,.414,.511,.613,.405,.571,.182,.297,bazleda01
41,Bradley Beal,SG,28,WAS,40,1439,.451,.728,.197,.252,.171,.108,.272,.508,.697,.407,.470,.458,.300,bealbr01
42,Malik Beasley,SG,25,MIN,79,1976,.391,.251,.088,.066,.052,.045,.749,.432,.587,.357,.341,.342,.377,beaslma01
43,Jordan Bell,C,27,CHI,1,2,,,,,,,,,,,,,,belljo01
44,DeAndre' Bembry,SF,27,TOT,56,1026,.561,.837,.584,.249,.000,.005,.163,.589,.667,.418,,.000,.417,bembrde01
44,DeAndre' Bembry,SF,27,BRK,48,949,.568,.831,.573,.258,.000,.000,.169,.599,.680,.418,,,.417,bembrde01
44,DeAndre' Bembry,SF,27,MIL,8,77,.375,1.000,.875,.000,.000,.125,.000,.375,.429,,,.000,,bembrde01
45,Dāvis Bertāns,PF,29,TOT,56,807,.360,.164,.065,.069,.015,.015,.836,.489,.611,.421,.000,.750,.335,bertada01
45,Dāvis Bertāns,PF,29,WAS,34,501,.351,.158,.053,.064,.023,.018,.842,.519,.667,.545,.000,.667,.319,bertada01
45,Dāvis Bertāns,PF,29,DAL,22,306,.375,.173,.087,.077,.000,.010,.827,.444,.556,.250,,1.000,.360,bertada01
46,Patrick Beverley,PG,33,MIN,58,1476,.406,.445,.170,.206,.050,.018,.555,.485,.568,.433,.545,.125,.343,beverpa01
47,Saddiq Bey,SF,22,DET,82,2704,.396,.463,.166,.157,.072,.068,.537,.454,.619,.348,.329,.429,.346,beysa01
48,Khem Birch,C,29,TOR,55,991,.485,.930,.405,.360,.160,.005,.070,.522,.593,.500,.406,.000,.000,birchkh01
49,Goga Bitadze,C,22,IND,50,729,.520,.683,.468,.175,.032,.008,.317,.628,.737,.409,.375,.000,.288,bitadgo01
50,Bismack Biyombo,C,29,PHO,36,506,.593,1.000,.517,.393,.083,.007,.000,.593,.747,.474,.250,.000,,biyombi01
51,Nemanja Bjelica,C,33,GSW,71,1142,.468,.564,.260,.260,.023,.020,.436,.549,.674,.438,.500,.429,.362,bjeline01
52,Eric Bledsoe,PG,32,LAC,54,1361,.421,.652,.231,.194,.107,.120,.348,.479,.611,.462,.440,.286,.313,bledser01
53,Keljin Blevins,SF,26,POR,31,349,.306,.351,.207,.063,.027,.054,.649,.333,.391,.286,.000,.333,.292,blevike01
54,Bogdan Bogdanovic,SG,29,ATL,63,1848,.431,.422,.113,.115,.108,.086,.578,.516,.622,.440,.523,.471,.368,bogdabo01
55,Bojan Bogdanovic,PF,32,UTA,69,2131,.455,.496,.147,.250,.084,.015,.504,.524,.684,.483,.410,.286,.387,bogdabo02
56,Bol Bol,PF,22,DEN,14,81,.556,.852,.296,.185,.296,.074,.148,.609,.875,.800,.375,.000,.250,bolbo01
57,Leandro Bolmaro,SF,21,MIN,35,241,.315,.667,.352,.111,.074,.130,.333,.333,.474,.167,.500,.000,.278,bolmale01
58,Isaac Bonga,SF,22,TOR,15,69,.231,.692,.385,.231,.000,.077,.308,.222,.200,.333,,.000,.250,bongais01
59,Devin Booker,SG,25,PHO,68,2345,.466,.664,.110,.158,.224,.171,.336,.508,.694,.476,.469,.469,.383,bookede01
60,Brandon Boston Jr.,SG,20,LAC,51,760,.385,.658,.258,.126,.123,.151,.342,.425,.631,.122,.450,.306,.306,bostobr01
61,Chris Boucher,SF,29,TOR,80,1690,.464,.603,.430,.113,.026,.035,.397,.575,.661,.400,.400,.200,.297,bouchch01
62,James Bouknight,SG,21,CHO,31,304,.348,.652,.333,.241,.043,.035,.348,.348,.553,.147,.000,.200,.347,bouknja01
63,Avery Bradley,SG,31,LAL,62,1406,.423,.400,.137,.091,.083,.089,.600,.471,.604,.281,.483,.452,.390,bradlav01
64,Tony Bradley,C,24,CHI,55,549,.585,1.000,.626,.252,.065,.057,.000,.585,.649,.484,.375,.571,,bradlto01
65,Ignas Brazdeikis,SF,23,ORL,42,536,.431,.537,.293,.202,.027,.016,.463,.535,.636,.421,.200,.667,.310,brazdig01
66,Mikal Bridges,SF,25,PHO,82,2854,.534,.636,.227,.205,.159,.045,.364,.628,.795,.619,.507,.256,.369,bridgmi01
67,Miles Bridges,PF,23,CHO,80,2837,.491,.617,.357,.212,.020,.029,.383,.590,.723,.412,.458,.343,.331,bridgmi02
68,Oshae Brissett,SF,23,IND,67,1564,.411,.532,.326,.152,.024,.030,.468,.465,.582,.299,.167,.267,.350,brissos01
69,Malcolm Brogdon,PG,29,IND,36,1206,.448,.657,.285,.192,.103,.077,.343,.518,.632,.452,.411,.405,.312,brogdma01
70,Armoni Brooks,SG-PG,23,TOT,54,844,.339,.138,.083,.035,.010,.010,.862,.600,.708,.600,.000,.333,.297,brookar01
70,Armoni Brooks,SG,23,HOU,41,690,.347,.151,.092,.036,.012,.012,.849,.605,.739,.556,.000,.333,.300,brookar01
70,Armoni Brooks,PG,23,TOR,13,154,.289,.053,.026,.026,.000,.000,.947,.500,.000,1.000,,,.278,brookar01
71,Dillon Brooks,SF,26,MEM,32,885,.432,.717,.196,.249,.186,.086,.283,.480,.680,.389,.398,.467,.309,brookdi01
72,Bruce Brown,SF,25,BRK,72,1774,.506,.814,.393,.302,.103,.016,.186,.529,.693,.379,.404,.125,.404,brownbr01
73,Charlie Brown Jr.,SG,24,TOT,22,177,.256,.692,.385,.205,.077,.026,.308,.333,.467,.250,.000,.000,.083,brownch02
73,Charlie Brown Jr.,SG,24,DAL,3,15,.200,.400,.200,.000,.200,.000,.600,.500,1.000,,.000,,.000,brownch02
73,Charlie Brown Jr.,SG,24,PHI,19,162,.265,.735,.412,.235,.059,.029,.265,.320,.429,.250,.000,.000,.111,brownch02
74,Chaundee Brown Jr.,SG-SF,23,TOT,5,104,.313,.438,.188,.094,.156,.000,.563,.286,.500,.000,.200,,.333,brownch05
74,Chaundee Brown Jr.,SF,23,LAL,2,21,.143,.571,.286,.143,.143,.000,.429,.250,.500,.000,.000,,.000,brownch05
74,Chaundee Brown Jr.,SG,23,ATL,3,83,.360,.400,.160,.080,.160,.000,.600,.300,.500,.000,.250,,.400,brownch05
75,Greg Brown III,SF,20,POR,48,640,.426,.679,.447,.158,.016,.058,.321,.481,.635,.200,.333,.091,.311,browngr01
76,Jaylen Brown,SF,25,BOS,66,2220,.473,.619,.200,.234,.094,.091,.381,.544,.765,.425,.474,.441,.358,brownja02
77,Moses Brown,C,22,TOT,40,345,.593,1.000,.750,.231,.009,.009,.000,.593,.642,.480,.000,.000,,brownmo01
77,Moses Brown,C,22,DAL,26,169,.540,1.000,.780,.200,.020,.000,.000,.540,.590,.400,.000,,,brownmo01
77,Moses Brown,C,22,CLE,14,176,.638,1.000,.724,.259,.000,.017,.000,.638,.690,.533,,.000,,brownmo01
78,Sterling Brown,SG,26,DAL,49,628,.381,.406,.206,.116,.039,.045,.594,.492,.625,.278,.333,.571,.304,brownst02
79,Troy Brown Jr.,SF,22,CHI,66,1055,.419,.484,.283,.132,.027,.043,.516,.488,.562,.412,.143,.455,.353,browntr01
80,Jalen Brunson,SG,25,DAL,79,2524,.502,.750,.147,.288,.189,.126,.250,.545,.703,.524,.518,.449,.373,brunsja01
81,Thomas Bryant,C,24,WAS,27,439,.520,.716,.385,.169,.034,.128,.284,.613,.754,.480,.200,.474,.286,bryanth01
82,Shaq Buchanan,SG,25,MEM,2,10,.250,.500,.500,.000,.000,.000,.500,.500,.500,,,,.000,buchash01
83,Reggie Bullock,SF,30,DAL,68,1902,.401,.218,.096,.048,.032,.042,.782,.550,.688,.292,.688,.429,.360,bullore01
84,Trey Burke,PG,29,DAL,42,441,.391,.619,.098,.163,.126,.233,.381,.436,.714,.429,.444,.320,.317,burketr01
85,Alec Burks,SG,30,NYK,81,2318,.391,.466,.124,.165,.111,.066,.534,.378,.444,.342,.358,.375,.404,burksal01
86,Jared Butler,SG,21,UTA,42,360,.404,.417,.066,.232,.066,.053,.583,.524,.600,.429,.600,.750,.318,butleja02
87,Jimmy Butler,SF,32,MIA,57,1931,.480,.860,.306,.291,.195,.068,.140,.520,.701,.415,.457,.339,.233,butleji01
88,Devontae Cacok,PF,25,SAS,15,121,.677,1.000,.387,.484,.129,.000,.000,.677,.833,.533,.750,,,cacokde01
89,Kentavious Caldwell-Pope,SG,28,WAS,77,2329,.435,.508,.105,.117,.112,.175,.492,.480,.678,.361,.430,.469,.390,caldwke01
90,Facundo Campazzo,PG,30,DEN,65,1184,.361,.348,.149,.142,.041,.017,.652,.476,.614,.381,.250,.600,.301,campafa01
91,Vlatko cancar,PF,24,DEN,15,176,.561,.707,.390,.195,.098,.024,.293,.552,.750,.375,.250,.000,.583,cancavl01
92,Devin Cannady,PG,25,ORL,5,145,.341,.159,.045,.045,.045,.023,.841,.000,.000,.000,.000,.000,.405,cannade01
93,Clint Capela,C,27,ATL,74,2042,.613,.998,.765,.225,.007,.002,.002,.614,.684,.382,.500,.000,.000,capelca01
94,Vernon Carey Jr.,C,20,TOT,7,44,.538,1.000,.615,.000,.077,.308,.000,.538,.750,,.000,.250,,careyve01
94,Vernon Carey Jr.,C,20,CHO,4,17,.500,1.000,.667,.000,.000,.333,.000,.500,.750,,,.000,,careyve01
94,Vernon Carey Jr.,C,20,WAS,3,27,.571,1.000,.571,.000,.143,.286,.000,.571,.750,,.000,.500,,careyve01
95,Jevon Carter,PG,26,TOT,66,905,.387,.328,.055,.043,.067,.162,.672,.386,.429,.273,.471,.366,.388,carteje01
95,Jevon Carter,PG,26,BRK,46,552,.333,.270,.040,.023,.057,.149,.730,.340,.143,.250,.400,.385,.331,carteje01
95,Jevon Carter,PG,26,MIL,20,353,.506,.456,.089,.089,.089,.190,.544,.444,.714,.286,.571,.333,.558,carteje01
96,Wendell Carter Jr.,PF,22,ORL,62,1852,.525,.687,.327,.202,.101,.057,.313,.615,.781,.457,.478,.462,.327,cartewe01
97,Alex Caruso,SG,27,CHI,41,1147,.398,.508,.258,.145,.043,.063,.492,.462,.591,.324,.364,.313,.333,carusal01
98,Willie Cauley-Stein,C,28,TOT,20,183,.457,.943,.629,.200,.057,.057,.057,.455,.545,.143,1.000,.000,.500,caulewi01
98,Willie Cauley-Stein,C,28,DAL,18,177,.457,.943,.629,.200,.057,.057,.057,.455,.545,.143,1.000,.000,.500,caulewi01
98,Willie Cauley-Stein,C,28,PHI,2,6,,,,,,,,,,,,,,caulewi01
99,Ahmad Caver,SG,25,IND,1,1,1.000,1.000,1.000,.000,.000,.000,.000,1.000,1.000,,,,,caverah01
100,Justin Champagnie,SF,20,TOR,36,281,.463,.582,.358,.209,.015,.000,.418,.538,.625,.429,.000,,.357,champju01
101,Zylan Cheatham,SF,26,UTA,1,5,.000,.333,.333,.000,.000,.000,.667,.000,.000,,,,.000,cheatzy01
102,Chris Chiozza,PG,26,GSW,34,372,.296,.346,.111,.136,.049,.049,.654,.250,.222,.273,.000,.500,.321,chiozch01
103,Marquese Chriss,PF,24,DAL,34,346,.463,.813,.530,.254,.015,.015,.187,.495,.592,.265,1.000,.500,.320,chrisma01
104,Josh Christopher,SG,20,HOU,74,1334,.448,.622,.300,.188,.114,.020,.378,.540,.647,.532,.333,.200,.296,chrisjo01
105,Gary Clark,PF,27,NOP,38,378,.375,.205,.091,.102,.011,.000,.795,.278,.125,.444,.000,,.400,clarkga01
106,Brandon Clarke,PF,25,MEM,64,1246,.644,.951,.508,.311,.116,.016,.049,.666,.775,.568,.462,.571,.227,clarkbr01
107,Jordan Clarkson,SG,29,UTA,79,2141,.419,.464,.099,.272,.075,.018,.536,.535,.627,.515,.554,.250,.318,clarkjo01
108,Nic Claxton,C,22,BRK,47,974,.674,1.000,.697,.284,.019,.000,.000,.674,.815,.347,.400,,,claxtni01
109,Amir Coffey,SG,24,LAC,69,1567,.453,.455,.165,.167,.077,.045,.545,.542,.779,.449,.417,.238,.378,coffeam01
110,John Collins,PF,24,ATL,54,1663,.526,.727,.334,.211,.127,.054,.273,.588,.753,.463,.439,.400,.364,collijo01
111,Zach Collins,C,24,SAS,28,502,.490,.735,.290,.316,.065,.065,.265,.544,.756,.347,.500,.600,.341,colliza01
112,Darren Collison,PG,34,LAL,3,37,.286,.571,.286,.000,.000,.286,.429,.500,1.000,,,.000,.000,collida01
113,Mike Conley,PG,34,UTA,72,2058,.435,.477,.075,.268,.109,.025,.523,.464,.559,.453,.442,.400,.408,conlemi01
114,Pat Connaughton,SF,29,MIL,65,1691,.458,.254,.161,.065,.022,.006,.746,.643,.725,.500,.636,.000,.395,connapa01
115,Tyler Cook,PF,24,CHI,20,200,.605,1.000,.684,.316,.000,.000,.000,.605,.692,.417,,,,cookty01
116,Sharife Cooper,PG,20,ATL,13,39,.214,.571,.500,.071,.000,.000,.429,.250,.143,1.000,,,.167,coopesh01
117,Petr Cornelie,PF,26,DEN,13,38,.333,.467,.333,.067,.000,.067,.533,.571,.600,1.000,,.000,.125,cornepe01
118,DeMarcus Cousins,C,31,TOT,48,718,.460,.623,.361,.225,.015,.022,.377,.554,.650,.452,.200,.286,.303,couside01
118,DeMarcus Cousins,C,31,MIL,17,287,.466,.593,.390,.186,.008,.008,.407,.600,.674,.500,.000,.000,.271,couside01
118,DeMarcus Cousins,C,31,DEN,31,431,.456,.641,.345,.248,.019,.029,.359,.530,.634,.431,.250,.333,.324,couside01
119,Robert Covington,PF,31,TOT,71,1940,.420,.319,.171,.108,.022,.018,.681,.509,.659,.333,.273,.444,.378,covinro01
119,Robert Covington,PF,31,POR,48,1431,.381,.315,.164,.110,.021,.021,.685,.462,.600,.324,.286,.286,.343,covinro01
119,Robert Covington,PF,31,LAC,23,509,.500,.327,.185,.105,.025,.012,.673,.604,.767,.353,.250,1.000,.450,covinro01
120,Torrey Craig,SF,31,TOT,78,1596,.454,.469,.231,.141,.057,.041,.531,.594,.725,.532,.400,.333,.329,craigto01
120,Torrey Craig,SF,31,IND,51,1034,.456,.509,.260,.135,.057,.057,.491,.573,.712,.500,.375,.313,.333,craigto01
120,Torrey Craig,SF,31,PHO,27,562,.450,.400,.181,.150,.056,.013,.600,.641,.759,.583,.444,.500,.323,craigto01
121,Jae Crowder,PF,31,PHO,67,1886,.399,.329,.059,.094,.079,.097,.671,.503,.656,.431,.488,.491,.348,crowdja01
122,Jarrett Culver,SG,22,MEM,37,338,.378,.652,.259,.193,.081,.119,.348,.443,.543,.346,.364,.438,.255,culveja01
123,Jarron Cumberland,SG,24,POR,3,12,.500,.500,.500,.000,.000,.000,.500,1.000,1.000,,,,.000,cumbeja01
124,Cade Cunningham,SG,20,DET,64,2088,.416,.648,.214,.249,.113,.072,.352,.472,.588,.432,.431,.324,.314,cunnica01
125,Seth Curry,SG,31,TOT,64,2135,.487,.494,.053,.100,.133,.208,.506,.553,.692,.568,.510,.539,.422,curryse01
125,Seth Curry,SG,31,PHI,45,1566,.485,.527,.055,.110,.138,.223,.473,.561,.690,.552,.548,.542,.400,curryse01
125,Seth Curry,SG,31,BRK,19,569,.493,.412,.047,.076,.118,.171,.588,.529,.700,.625,.400,.528,.468,curryse01
126,Stephen Curry,PG,33,GSW,64,2211,.437,.387,.120,.134,.062,.071,.613,.527,.599,.530,.513,.414,.380,curryst01
127,Anthony Davis,C,28,LAL,40,1404,.532,.899,.376,.193,.150,.181,.101,.571,.793,.485,.317,.413,.186,davisan02
128,Ed Davis,C,32,CLE,31,201,.688,1.000,.750,.250,.000,.000,.000,.688,.750,.500,,,,davised01
129,Terence Davis,SG,24,SAC,30,536,.423,.442,.221,.157,.034,.030,.558,.542,.712,.357,.333,.500,.329,daviste02
130,Gabriel Deck,PF,26,OKC,7,56,.571,.714,.357,.071,.214,.071,.286,.600,.600,1.000,.667,.000,.500,deckga01
131,Dewayne Dedmon,C,32,MIA,67,1065,.566,.838,.441,.286,.069,.041,.162,.597,.695,.530,.450,.250,.404,dedmode01
132,Sam Dekker,PF,27,TOR,1,1,,,,,,,,,,,,,,dekkesa01
133,Javin DeLaurier,C,23,MIL,1,3,,,,,,,,,,,,,,delauja01
134,DeMar DeRozan,PF,32,CHI,76,2743,.504,.907,.164,.158,.297,.288,.093,.520,.671,.494,.511,.457,.352,derozde01
135,Mamadi Diakite,PF,25,OKC,13,188,.532,.894,.426,.340,.106,.021,.106,.595,.600,.688,.400,.000,.000,diakima01
136,Cheick Diallo,C,25,DET,3,31,.375,1.000,.375,.625,.000,.000,.000,.375,.667,.200,,,,diallch01
137,Hamidou Diallo,SG,23,DET,58,1269,.496,.823,.333,.300,.122,.068,.177,.550,.691,.500,.391,.361,.247,diallha01
138,Gorgui Dieng,C,32,ATL,44,371,.473,.393,.134,.071,.089,.098,.607,.545,.733,.375,.600,.364,.426,dienggo01
139,Spencer Dinwiddie,PG-SG,28,TOT,67,1980,.416,.551,.176,.237,.088,.050,.449,.479,.643,.402,.446,.324,.339,dinwisp01
139,Spencer Dinwiddie,PG,28,WAS,44,1330,.376,.541,.152,.236,.091,.061,.459,.432,.573,.388,.378,.333,.310,dinwisp01
139,Spencer Dinwiddie,SG,28,DAL,23,650,.498,.572,.222,.239,.082,.029,.428,.568,.741,.431,.600,.286,.404,dinwisp01
140,Donte DiVincenzo,SG,25,TOT,42,1006,.351,.351,.155,.137,.027,.033,.649,.373,.538,.239,.444,.091,.339,divindo01
140,Donte DiVincenzo,SG,25,MIL,17,341,.331,.373,.212,.110,.017,.034,.627,.409,.520,.308,.500,.000,.284,divindo01
140,Donte DiVincenzo,SG,25,SAC,25,665,.362,.339,.124,.151,.032,.032,.661,.351,.556,.212,.429,.143,.368,divindo01
141,Luka Doncic,PG,22,DAL,65,2301,.457,.594,.128,.239,.165,.062,.406,.528,.778,.499,.440,.356,.353,doncilu01
142,Luguentz Dort,SG,22,OKC,51,1665,.404,.461,.197,.204,.029,.032,.539,.487,.615,.419,.238,.348,.332,dortlu01
143,Ayo Dosunmu,SG,22,CHI,77,2110,.520,.652,.368,.114,.097,.073,.348,.596,.701,.377,.481,.564,.376,dosunay01
144,Damyean Dotson,SG,27,NYK,2,21,.500,.750,.250,.250,.250,.000,.250,.667,1.000,.000,1.000,,.000,dotsoda01
145,Devon Dotson,PG,22,CHI,11,85,.478,.609,.478,.000,.130,.000,.391,.643,.818,,.000,,.222,dotsode01
146,Sekou Doumbouya,PF,21,LAL,2,16,.625,.750,.500,.250,.000,.000,.250,.667,1.000,.000,,,.500,doumbse01
147,Jeff Dowtin,PG,24,TOT,9,108,.308,.654,.115,.231,.192,.115,.346,.412,.667,.333,.200,.667,.111,dowtije01
147,Jeff Dowtin,PG,24,GSW,4,28,.500,.833,.000,.333,.167,.333,.167,.600,,.500,1.000,.500,.000,dowtije01
147,Jeff Dowtin,PG,24,MIL,1,3,.000,.000,.000,.000,.000,.000,1.000,,,,,,.000,dowtije01
147,Jeff Dowtin,PG,24,ORL,4,77,.263,.632,.158,.211,.211,.053,.368,.333,.667,.250,.000,1.000,.143,dowtije01
148,PJ Dozier,SG,25,DEN,18,340,.364,.515,.141,.141,.081,.152,.485,.412,.714,.143,.500,.333,.313,doziepj01
149,Goran Dragic,PG,35,TOT,21,498,.377,.583,.192,.172,.166,.053,.417,.466,.621,.538,.280,.250,.254,dragigo01
149,Goran Dragic,PG,35,TOR,5,90,.382,.588,.206,.147,.235,.000,.412,.450,.571,.400,.375,,.286,dragigo01
149,Goran Dragic,PG,35,BRK,16,408,.376,.581,.188,.179,.145,.068,.419,.471,.636,.571,.235,.250,.245,dragigo01
150,Andre Drummond,C,28,TOT,73,1437,.570,.993,.707,.261,.021,.005,.007,.574,.641,.434,.222,.000,.000,drumman01
150,Andre Drummond,C,28,PHI,49,902,.538,.992,.706,.265,.021,.000,.008,.542,.643,.286,.400,,.000,drumman01
150,Andre Drummond,C,28,BRK,24,535,.610,.995,.708,.256,.021,.010,.005,.613,.638,.620,.000,.000,.000,drumman01
151,Chris Duarte,SG,24,IND,55,1541,.432,.589,.203,.135,.148,.103,.411,.475,.627,.369,.380,.453,.369,duartch01
152,David Duke Jr.,PG,22,BRK,22,341,.361,.657,.463,.130,.028,.037,.343,.423,.500,.214,.000,.500,.243,dukeda01
153,Kris Dunn,PG,27,POR,14,336,.431,.892,.275,.412,.108,.098,.108,.473,.607,.405,.455,.400,.091,dunnkr01
154,Kevin Durant,PF,33,BRK,55,2047,.518,.731,.109,.143,.319,.161,.269,.568,.744,.516,.528,.575,.383,duranke01
155,Jaime Echenique,C,24,WAS,1,3,,,,,,,,,,,,,,echenja01
156,Anthony Edwards,SG,20,MIN,72,2466,.441,.516,.282,.129,.055,.051,.484,.519,.658,.356,.338,.359,.357,edwaran01
157,Carsen Edwards,SG,23,DET,4,79,.300,.467,.233,.067,.100,.067,.533,.357,.286,.000,.333,1.000,.250,edwarca01
158,Kessler Edwards,SF,21,BRK,48,987,.412,.491,.266,.116,.071,.037,.509,.473,.493,.387,.526,.500,.353,edwarke02
159,Rob Edwards,SG,25,OKC,2,11,.250,.000,.000,.000,.000,.000,1.000,,,,,,.250,edwarro01
160,CJ Elleby,SF,21,POR,58,1174,.393,.591,.312,.169,.075,.036,.409,.462,.615,.231,.478,.182,.294,ellebcj01
161,Wayne Ellington,SG,34,LAL,43,810,.414,.110,.042,.025,.030,.013,.890,.615,.800,.667,.429,.333,.389,ellinwa01
162,Joel Embiid,C,27,PHI,68,2297,.499,.812,.253,.194,.240,.124,.188,.529,.763,.409,.431,.428,.371,embiijo01
163,James Ennis III,SF,31,TOT,7,56,.458,.667,.542,.083,.000,.042,.333,.500,.538,.500,,.000,.375,ennisja01
163,James Ennis III,SF,31,BRK,2,14,.286,.714,.714,.000,.000,.000,.286,.200,.200,,,,.500,ennisja01
163,James Ennis III,SF,31,LAC,2,28,.636,.636,.455,.091,.000,.091,.364,.714,1.000,.000,,.000,.500,ennisja01
163,James Ennis III,SF,31,DEN,3,14,.333,.667,.500,.167,.000,.000,.333,.500,.333,1.000,,,.000,ennisja01
164,Drew Eubanks,C,24,TOT,71,1245,.596,.938,.442,.364,.094,.038,.062,.621,.683,.563,.657,.357,.217,eubandr01
164,Drew Eubanks,C,24,SAS,49,595,.528,.950,.453,.384,.069,.044,.050,.550,.597,.541,.455,.286,.125,eubandr01
164,Drew Eubanks,C,24,POR,22,650,.646,.929,.434,.349,.113,.033,.071,.675,.750,.581,.750,.429,.267,eubandr01
165,Tacko Fall,C,26,CLE,11,59,.417,1.000,.667,.333,.000,.000,.000,.417,.625,.000,,,,fallta01
166,Derrick Favors,C,30,OKC,39,653,.516,.912,.341,.165,.231,.176,.088,.554,.694,.433,.548,.406,.125,favorde01
167,Bruno Fernando,C,23,TOT,30,152,.655,.964,.618,.291,.036,.018,.036,.660,.676,.625,.500,1.000,.500,fernabr01
167,Bruno Fernando,C,23,BOS,20,58,.500,.929,.643,.071,.143,.071,.071,.462,.444,.000,.500,1.000,1.000,fernabr01
167,Bruno Fernando,C,23,HOU,10,94,.707,.976,.610,.366,.000,.000,.024,.725,.760,.667,,,.000,fernabr01
168,Dorian Finney-Smith,PF,28,DAL,80,2644,.471,.371,.233,.098,.025,.016,.629,.599,.752,.324,.471,.273,.395,finnedo01
169,Malik Fitts,PF,24,TOT,15,63,.421,.474,.211,.158,.053,.053,.526,.333,.750,.000,.000,.000,.500,fittsma01
169,Malik Fitts,PF,24,UTA,7,35,.222,.556,.111,.222,.111,.111,.444,.000,.000,.000,.000,.000,.500,fittsma01
169,Malik Fitts,PF,24,BOS,8,28,.600,.400,.300,.100,.000,.000,.600,.750,1.000,.000,,,.500,fittsma01
170,Malachi Flynn,PG,23,TOR,44,537,.393,.508,.120,.153,.077,.158,.492,.452,.545,.464,.571,.310,.333,flynnma01
171,Bryn Forbes,SG,28,TOT,75,1286,.429,.453,.043,.137,.109,.163,.547,.447,.609,.432,.525,.364,.414,forbebr01
171,Bryn Forbes,SG,28,SAS,40,676,.432,.490,.054,.132,.155,.149,.510,.448,.688,.359,.478,.409,.417,forbebr01
171,Bryn Forbes,SG,28,DEN,35,610,.424,.407,.029,.144,.053,.181,.593,.444,.429,.514,.692,.318,.410,forbebr01
172,Aleem Ford,SF,24,ORL,5,74,.300,.250,.150,.100,.000,.000,.750,.800,1.000,.500,,,.133,fordal03
173,Trent Forrest,PG,23,UTA,60,765,.490,.826,.316,.439,.058,.013,.174,.555,.592,.529,.556,.500,.185,forretr01
174,Evan Fournier,SG,29,NYK,80,2358,.417,.359,.081,.122,.079,.077,.641,.465,.603,.390,.474,.432,.389,fournev01
175,De'Aaron Fox,PG,24,SAC,59,2083,.473,.772,.199,.267,.189,.117,.228,.524,.714,.466,.451,.453,.297,foxde01
176,Melvin Frazier,SG,25,OKC,3,120,.271,.563,.250,.313,.000,.000,.438,.444,.667,.267,,,.048,frazime01
177,Tim Frazier,PG,31,TOT,12,208,.311,.622,.067,.178,.133,.244,.378,.286,1.000,.250,.167,.182,.353,fraziti01
177,Tim Frazier,PG,31,ORL,10,200,.302,.605,.070,.186,.116,.233,.395,.269,1.000,.250,.200,.100,.353,fraziti01
177,Tim Frazier,PG,31,CLE,2,8,.500,1.000,.000,.000,.500,.500,.000,.500,,,.000,1.000,,fraziti01
178,Enes Freedom,C,29,BOS,35,411,.526,.948,.557,.330,.041,.021,.052,.533,.537,.500,.500,1.000,.400,kanteen01
179,Markelle Fultz,PG,23,ORL,18,360,.474,.903,.229,.309,.211,.154,.097,.500,.775,.389,.459,.370,.235,fultzma01
180,Wenyen Gabriel,PF,24,TOT,26,358,.491,.745,.473,.245,.018,.009,.255,.561,.692,.370,.000,.000,.286,gabriwe01
180,Wenyen Gabriel,PF,24,BRK,1,1,,,,,,,,,,,,,,gabriwe01
180,Wenyen Gabriel,PF,24,LAC,6,46,.385,.615,.385,.231,.000,.000,.385,.375,.400,.333,,,.400,gabriwe01
180,Wenyen Gabriel,PF,24,LAL,19,311,.505,.763,.485,.247,.021,.010,.237,.581,.723,.375,.000,.000,.261,gabriwe01
181,Daniel Gafford,C,23,WAS,72,1444,.693,.998,.657,.304,.022,.012,.002,.695,.837,.448,.333,.000,.000,gaffoda01
182,Danilo Gallinari,PF,33,ATL,66,1672,.434,.508,.119,.089,.151,.149,.492,.485,.718,.377,.467,.382,.381,gallida01
183,Langston Galloway,SG,30,TOT,7,107,.231,.385,.115,.038,.115,.115,.615,.400,.333,.000,.667,.333,.125,gallola01
183,Langston Galloway,SG,30,BRK,4,58,.385,.385,.154,.000,.154,.077,.615,.600,.500,,1.000,.000,.250,gallola01
183,Langston Galloway,SG,30,MIL,3,49,.077,.385,.077,.077,.077,.154,.615,.200,.000,.000,.000,.500,.000,gallola01
184,Darius Garland,PG,22,CLE,68,2430,.462,.613,.195,.183,.137,.097,.387,.512,.607,.451,.497,.456,.383,garlada01
185,Marcus Garrett,SG,23,MIA,12,128,.238,.810,.476,.143,.095,.095,.190,.235,.200,.333,.000,.500,.250,garrema01
186,Usman Garuba,PF,19,HOU,24,239,.432,.545,.500,.023,.023,.000,.455,.583,.636,.000,.000,,.250,garubus01
187,Luka Garza,C,23,DET,32,389,.449,.667,.293,.218,.068,.088,.333,.510,.674,.500,.200,.231,.327,garzalu01
188,Rudy Gay,PF,35,UTA,55,1038,.414,.464,.142,.150,.111,.061,.536,.494,.778,.333,.405,.391,.345,gayru01
189,Paul George,PF,31,LAC,31,1077,.421,.596,.146,.123,.160,.167,.404,.467,.667,.346,.451,.396,.354,georgpa01
190,Taj Gibson,C,36,NYK,52,946,.518,.771,.398,.181,.102,.090,.229,.555,.667,.433,.529,.333,.395,gibsota01
191,Josh Giddey,SF,19,OKC,54,1700,.419,.682,.196,.336,.097,.054,.318,.492,.649,.444,.431,.333,.263,giddejo01
192,Shai Gilgeous-Alexander,PG,23,OKC,56,1942,.453,.718,.220,.320,.131,.047,.282,.514,.662,.445,.442,.490,.300,gilgesh01
193,Anthony Gill,PF,29,WAS,44,463,.569,.761,.294,.450,.018,.000,.239,.578,.625,.551,.500,,.538,gillan01
194,Freddie Gillespie,PF,24,ORL,9,119,.409,.955,.273,.545,.136,.000,.045,.429,.333,.417,.667,,.000,gillefr01
195,Rudy Gobert,C,29,UTA,66,2120,.713,.992,.738,.244,.008,.002,.008,.718,.803,.468,.750,.000,.000,goberru01
196,Brandon Goodwin,PG,26,CLE,36,502,.416,.643,.266,.201,.117,.058,.357,.455,.634,.355,.333,.222,.345,goodwbr01
197,Jordan Goodwin,SG,23,WAS,2,6,.000,.667,.333,.000,.000,.333,.333,.000,.000,,,.000,.000,goodwjo01
198,Aaron Gordon,PF,26,DEN,75,2376,.520,.688,.381,.169,.084,.054,.312,.605,.796,.369,.329,.422,.335,gordoaa01
199,Eric Gordon,SG,33,HOU,57,1669,.475,.466,.238,.200,.021,.007,.534,.548,.679,.416,.333,.500,.412,gordoer01
200,Devonte' Graham,PG,26,NOP,76,2162,.363,.309,.082,.070,.055,.102,.691,.413,.627,.298,.400,.325,.341,grahade01
201,Jerami Grant,PF,27,DET,47,1500,.426,.637,.202,.149,.106,.180,.363,.465,.631,.442,.243,.429,.358,grantje01
202,Hassani Gravett,PG,25,ORL,8,171,.474,.316,.079,.105,.079,.053,.684,.583,.333,.500,1.000,.500,.423,graveha01
203,Danny Green,SF,34,PHI,62,1353,.394,.153,.069,.047,.019,.019,.847,.469,.682,.200,.500,.333,.380,greenda02
204,Draymond Green,PF,31,GSW,46,1329,.525,.790,.315,.377,.058,.039,.210,.586,.716,.557,.267,.300,.296,greendr01
205,Jalen Green,SG,19,HOU,67,2138,.426,.520,.271,.129,.031,.088,.480,.502,.680,.252,.333,.381,.343,greenja05
206,JaMychal Green,PF,31,DEN,67,1085,.486,.621,.391,.156,.034,.040,.379,.621,.734,.392,.273,.692,.266,greenja01
207,Javonte Green,SF,28,CHI,65,1519,.542,.689,.535,.123,.031,.000,.311,.625,.695,.425,.200,,.356,greenja02
208,Jeff Green,PF,35,DEN,75,1849,.524,.682,.342,.233,.078,.030,.318,.620,.790,.496,.415,.188,.315,greenje02
209,Josh Green,SG,21,DAL,67,1039,.508,.695,.328,.227,.098,.043,.305,.573,.786,.397,.400,.273,.359,greenjo02
210,Blake Griffin,C,32,BRK,56,958,.425,.537,.339,.150,.035,.013,.463,.565,.613,.532,.273,.500,.262,griffbl01
211,Quentin Grimes,SG,21,NYK,46,786,.404,.196,.089,.017,.021,.068,.804,.500,.714,.000,.200,.438,.381,grimequ01
212,Kyle Guy,SG,24,MIA,19,186,.400,.385,.108,.169,.031,.077,.615,.480,.857,.091,.500,.800,.350,guyky01
213,Rui Hachimura,PF,23,WAS,42,943,.491,.677,.197,.150,.160,.171,.323,.512,.840,.404,.393,.338,.447,hachiru01
214,Tyrese Haliburton,SG-PG,21,TOT,77,2695,.473,.572,.130,.183,.158,.101,.428,.517,.712,.410,.521,.457,.414,halibty01
214,Tyrese Haliburton,SG,21,SAC,51,1757,.457,.570,.118,.183,.164,.106,.430,.491,.739,.355,.458,.500,.413,halibty01
214,Tyrese Haliburton,PG,21,IND,26,938,.502,.576,.152,.183,.149,.093,.424,.565,.673,.508,.646,.367,.416,halibty01
215,Tyler Hall,SG,24,NYK,1,2,,,,,,,,,,,,,,hallty01
216,R.J. Hampton,SG,20,ORL,64,1402,.383,.600,.217,.304,.044,.035,.400,.405,.525,.360,.200,.313,.350,hamptrj01
217,Tim Hardaway Jr.,SG,29,DAL,42,1245,.394,.426,.094,.092,.098,.142,.574,.473,.680,.429,.404,.413,.336,hardati02
218,James Harden,PG,32,TOT,65,2419,.410,.548,.231,.232,.061,.024,.452,.476,.598,.370,.426,.458,.330,hardeja01
218,James Harden,PG,32,BRK,44,1627,.414,.565,.239,.242,.061,.023,.435,.476,.574,.386,.419,.563,.332,hardeja01
218,James Harden,PG,32,PHI,21,792,.402,.507,.210,.206,.063,.028,.493,.476,.667,.322,.444,.250,.326,hardeja01
219,Maurice Harkless,SF,28,SAC,47,863,.459,.442,.265,.155,.006,.017,.558,.650,.688,.643,.000,.333,.307,harklma01
220,Jared Harper,PG,24,NOP,5,43,.538,.538,.192,.115,.077,.154,.462,.643,.400,1.000,.500,.750,.417,harpeja01
221,Montrezl Harrell,C,28,TOT,71,1641,.645,.969,.582,.274,.079,.034,.031,.658,.771,.533,.409,.316,.235,harremo01
221,Montrezl Harrell,C,28,WAS,46,1117,.645,.961,.517,.319,.089,.037,.039,.660,.788,.541,.471,.357,.267,harremo01
221,Montrezl Harrell,C,28,CHO,25,524,.645,.988,.727,.174,.058,.029,.012,.653,.744,.500,.200,.200,.000,harremo01
222,Gary Harris,SG,27,ORL,61,1730,.434,.454,.145,.152,.051,.107,.546,.494,.675,.464,.429,.322,.384,harriga01
223,Joe Harris,SF,30,BRK,14,423,.452,.290,.113,.105,.048,.024,.710,.417,.429,.385,.500,.333,.466,harrijo01
224,Tobias Harris,PF,29,PHI,73,2543,.482,.731,.250,.282,.156,.043,.269,.525,.699,.444,.428,.386,.367,harrito02
225,Shaquille Harrison,SG,28,BRK,2,23,.333,.667,.500,.167,.000,.000,.333,.500,.667,.000,,,.000,harrish01
226,Josh Hart,SG,26,TOT,54,1791,.504,.626,.399,.134,.060,.033,.374,.601,.705,.434,.382,.421,.343,hartjo01
226,Josh Hart,SG,26,NOP,41,1374,.505,.663,.440,.137,.052,.034,.337,.598,.688,.415,.400,.462,.323,hartjo01
226,Josh Hart,SG,26,POR,13,417,.503,.546,.311,.126,.077,.033,.454,.610,.754,.478,.357,.333,.373,hartjo01
227,Isaiah Hartenstein,C,23,LAC,68,1216,.626,.918,.456,.369,.093,.000,.082,.640,.754,.519,.559,,.467,harteis01
228,Udonis Haslem,C,41,MIA,13,83,.452,.871,.419,.161,.194,.097,.129,.481,.692,.000,.500,.333,.250,hasleud01
229,Sam Hauser,SF,24,BOS,26,158,.460,.120,.100,.020,.000,.000,.880,.667,.800,.000,,,.432,hausesa01
230,Jaxson Hayes,C,21,NOP,70,1398,.616,.857,.540,.259,.040,.018,.143,.660,.777,.485,.375,.286,.351,hayesja02
231,Killian Hayes,PG,20,DET,66,1647,.383,.636,.163,.253,.135,.085,.364,.452,.747,.345,.387,.308,.263,hayeski01
232,Gordon Hayward,SF,31,CHO,49,1564,.459,.643,.214,.173,.157,.099,.357,.496,.682,.327,.381,.574,.391,haywago01
233,Aaron Henry,SF,22,PHI,6,17,.200,.800,.200,.200,.400,.000,.200,.250,1.000,.000,.000,,.000,henryaa01
234,Juancho Hernangómez,PF,26,TOT,40,445,.415,.349,.217,.123,.009,.000,.651,.541,.696,.308,.000,,.348,hernaju01
234,Juancho Hernangómez,PF,26,BOS,18,96,.185,.333,.148,.148,.037,.000,.667,.222,.500,.000,.000,,.167,hernaju01
234,Juancho Hernangómez,PF,26,SAS,5,51,.333,.500,.333,.167,.000,.000,.500,.667,1.000,.000,,,.000,hernaju01
234,Juancho Hernangómez,PF,26,UTA,17,298,.507,.342,.233,.110,.000,.000,.658,.640,.706,.500,,,.438,hernaju01
235,Willy Hernangómez,C,27,NOP,50,839,.520,.963,.563,.352,.043,.006,.037,.527,.630,.391,.357,.000,.333,hernawi01
236,Tyler Herro,SG,22,MIA,66,2151,.447,.609,.137,.193,.156,.123,.391,.477,.688,.407,.446,.391,.399,herroty01
237,Buddy Hield,SG,29,TOT,81,2499,.406,.348,.132,.083,.069,.064,.652,.482,.593,.385,.421,.443,.366,hieldbu01
237,Buddy Hield,SG,29,SAC,55,1574,.382,.286,.114,.063,.052,.056,.714,.419,.582,.205,.306,.436,.368,hieldbu01
237,Buddy Hield,SG,29,IND,26,925,.447,.454,.163,.116,.099,.077,.546,.549,.606,.553,.525,.452,.362,hieldbu01
238,Haywood Highsmith,SF,25,MIA,19,163,.348,.391,.217,.130,.000,.043,.609,.389,.300,.500,,.500,.321,highsha01
239,George Hill,PG,35,MIL,54,1253,.429,.513,.265,.138,.062,.047,.487,.546,.740,.316,.294,.462,.306,hillge01
240,Malcolm Hill,SF-SG,26,TOT,19,212,.462,.308,.115,.115,.019,.058,.692,.688,.667,.667,.000,1.000,.361,hillma01
240,Malcolm Hill,SG,26,ATL,3,46,.625,.375,.125,.000,.125,.125,.625,.667,1.000,,.000,1.000,.600,hillma01
240,Malcolm Hill,SF,26,CHI,16,166,.432,.295,.114,.136,.000,.045,.705,.692,.600,.667,,1.000,.323,hillma01
241,Solomon Hill,SF,30,ATL,13,139,.150,.350,.250,.100,.000,.000,.650,.143,.200,.000,,,.154,hillso01
242,Nate Hinton,SG,22,IND,2,2,.000,1.000,.000,1.000,.000,.000,.000,.000,,.000,,,,hintona01
243,Jaylen Hoard,SF,22,OKC,7,240,.489,.722,.322,.344,.033,.022,.278,.538,.724,.387,.333,.500,.360,hoardja01
244,Aaron Holiday,PG,25,TOT,63,1021,.447,.695,.175,.299,.166,.056,.305,.477,.610,.475,.411,.263,.379,holidaa01
244,Aaron Holiday,PG,25,WAS,41,663,.467,.687,.178,.318,.164,.028,.313,.524,.605,.529,.486,.167,.343,holidaa01
244,Aaron Holiday,PG,25,PHO,22,358,.411,.710,.169,.266,.169,.105,.290,.398,.619,.364,.286,.308,.444,holidaa01
245,Jrue Holiday,PG,31,MIL,67,2207,.501,.664,.222,.246,.124,.071,.336,.547,.651,.464,.542,.515,.411,holidjr01
246,Justin Holiday,SF-SG,32,TOT,74,2057,.394,.272,.104,.048,.044,.076,.728,.467,.594,.344,.483,.360,.367,holidju01
246,Justin Holiday,SF,32,IND,49,1416,.415,.266,.100,.037,.050,.079,.734,.516,.674,.353,.478,.417,.378,holidju01
246,Justin Holiday,SG,32,SAC,25,641,.348,.284,.113,.074,.029,.069,.716,.362,.435,.333,.500,.214,.342,holidju01
247,Richaun Holmes,C,28,SAC,45,1074,.660,.983,.500,.273,.200,.010,.017,.664,.767,.549,.567,.667,.400,holmeri01
248,Rodney Hood,PF-SF,29,TOT,52,709,.369,.420,.089,.096,.102,.134,.580,.424,.857,.267,.438,.238,.330,hoodro01
248,Rodney Hood,PF,29,MIL,39,581,.351,.389,.099,.084,.084,.122,.611,.431,.846,.273,.455,.188,.300,hoodro01
248,Rodney Hood,SF,29,LAC,13,128,.462,.577,.038,.154,.192,.192,.423,.400,1.000,.250,.400,.400,.545,hoodro01
249,Scotty Hopson,SG,32,OKC,1,18,.500,.750,.000,.250,.000,.500,.250,.667,,.000,,1.000,.000,hopsosc01
250,Al Horford,C,35,BOS,69,2005,.467,.534,.170,.243,.069,.053,.466,.582,.784,.507,.538,.333,.336,horfoal01
251,Talen Horton-Tucker,SG,21,LAL,60,1511,.416,.662,.297,.204,.100,.059,.338,.492,.613,.409,.389,.344,.269,hortota01
252,Danuel House Jr.,SF,28,TOT,42,727,.404,.409,.207,.116,.045,.040,.591,.444,.634,.174,.333,.375,.376,houseda01
252,Danuel House Jr.,SF,28,HOU,16,233,.338,.541,.311,.081,.068,.081,.459,.375,.391,.167,.400,.500,.294,houseda01
252,Danuel House Jr.,SF,28,NYK,1,3,.000,.000,.000,.000,.000,.000,1.000,,,,,,.000,houseda01
252,Danuel House Jr.,SF,28,UTA,25,491,.447,.333,.146,.138,.033,.016,.667,.512,.944,.176,.250,.000,.415,houseda01
253,Dwight Howard,C,36,LAL,60,971,.612,.932,.630,.251,.037,.014,.068,.618,.732,.418,.250,.000,.533,howardw01
254,Markus Howard,SG,22,DEN,31,176,.386,.307,.089,.119,.040,.059,.693,.355,.333,.417,.250,.333,.400,howarma02
255,Kevin Huerter,SF,23,ATL,74,2188,.454,.459,.109,.136,.136,.079,.541,.530,.663,.485,.505,.467,.389,huertke01
256,Jay Huff,C,23,LAL,4,20,.000,.333,.000,.333,.000,.000,.667,.000,,.000,,,.000,huffja01
257,Elijah Hughes,SG-SF,23,TOT,36,434,.326,.340,.090,.090,.125,.035,.660,.449,.692,.615,.278,.000,.263,hugheel01
257,Elijah Hughes,SF,23,UTA,14,112,.417,.222,.111,.056,.028,.028,.778,.625,.750,1.000,.000,.000,.357,hugheel01
257,Elijah Hughes,SG,23,POR,22,322,.296,.380,.083,.102,.157,.037,.620,.415,.667,.545,.294,.000,.224,hugheel01
258,Feron Hunt,SF,22,NYK,2,8,.000,1.000,1.000,.000,.000,.000,.000,.000,.000,,,,,huntfe01
259,De'Andre Hunter,SF,24,ATL,53,1577,.442,.661,.219,.179,.153,.110,.339,.474,.651,.398,.409,.333,.379,huntede01
260,Chandler Hutchison,SF,25,PHO,6,22,.500,1.000,.500,.500,.000,.000,.000,.500,.000,1.000,,,,hutchch01
261,Bones Hyland,SG,21,DEN,69,1310,.403,.373,.123,.130,.072,.049,.627,.465,.700,.284,.341,.536,.366,hylanbo01
262,Serge Ibaka,C,32,TOT,54,877,.500,.666,.193,.274,.105,.095,.334,.563,.789,.506,.516,.321,.374,ibakase01
262,Serge Ibaka,C,32,LAC,35,538,.490,.677,.182,.271,.120,.104,.323,.538,.743,.519,.435,.350,.387,ibakase01
262,Serge Ibaka,C,32,MIL,19,339,.519,.644,.212,.279,.077,.077,.356,.612,.864,.483,.750,.250,.351,ibakase01
263,Andre Iguodala,SF,38,GSW,31,603,.380,.388,.207,.116,.025,.041,.612,.617,.760,.571,.000,.400,.230,iguodan01
264,Joe Ingles,SF,34,UTA,45,1122,.404,.211,.039,.147,.014,.011,.789,.617,.818,.619,.250,.333,.347,inglejo01
265,Brandon Ingram,SF,24,NOP,55,1869,.461,.770,.140,.152,.249,.229,.230,.501,.681,.436,.506,.427,.327,ingrabr01
266,Kyrie Irving,PG,29,BRK,29,1091,.469,.612,.093,.188,.203,.128,.388,.501,.702,.543,.432,.405,.418,irvinky01
267,Wes Iwundu,SF,27,ATL,3,82,.444,.722,.278,.167,.111,.167,.278,.385,.400,.333,.000,.667,.600,iwundwe01
268,Frank Jackson,PG,23,DET,53,1164,.402,.422,.166,.159,.068,.029,.578,.529,.725,.338,.515,.500,.308,jacksfr01
269,Isaiah Jackson,PF,20,IND,36,541,.563,.922,.621,.218,.053,.029,.078,.584,.680,.444,.182,.333,.313,jacksis01
270,Jaren Jackson Jr.,PF,22,MEM,78,2126,.415,.613,.218,.335,.055,.005,.387,.476,.615,.395,.421,.400,.319,jacksja02
271,Josh Jackson,SF,24,TOT,51,830,.400,.567,.243,.170,.060,.093,.433,.512,.712,.392,.389,.286,.254,jacksjo02
271,Josh Jackson,SF,24,DET,39,707,.410,.550,.243,.163,.056,.088,.450,.529,.721,.390,.429,.318,.265,jacksjo02
271,Josh Jackson,SF,24,SAC,12,123,.347,.653,.245,.204,.082,.122,.347,.438,.667,.400,.250,.167,.176,jacksjo02
272,Justin Jackson,SF,26,TOT,7,37,.333,.400,.000,.200,.067,.133,.600,.333,,.667,.000,.000,.333,jacksju01
272,Justin Jackson,SF,26,BOS,1,2,.000,1.000,.000,.000,.000,1.000,.000,.000,,,,.000,,jacksju01
272,Justin Jackson,SF,26,PHO,6,35,.357,.357,.000,.214,.071,.071,.643,.400,,.667,.000,.000,.333,jacksju01
273,Reggie Jackson,SG,31,LAC,75,2337,.392,.581,.145,.190,.106,.140,.419,.439,.627,.444,.354,.304,.326,jacksre01
274,LeBron James,PF,37,LAL,56,2084,.524,.633,.325,.141,.073,.094,.367,.620,.796,.465,.382,.426,.359,jamesle01
275,DeJon Jarreau,SG,24,IND,1,1,,,,,,,,,,,,,,jarrede01
276,DaQuan Jeffries,SG,24,MEM,3,9,.500,.500,.500,.000,.000,.000,.500,1.000,1.000,,,,.000,jeffrda01
277,Ty Jerome,SG,24,OKC,48,801,.378,.433,.070,.235,.113,.015,.567,.493,.478,.481,.568,.200,.290,jeromty01
278,Isaiah Joe,SG,22,PHI,55,609,.350,.237,.079,.034,.045,.079,.763,.405,.643,.333,.375,.214,.333,joeis01
279,Alize Johnson,PF,25,TOT,23,167,.436,.897,.564,.282,.051,.000,.103,.486,.500,.455,.500,,.000,johnsal02
279,Alize Johnson,PF,25,CHI,16,121,.522,.913,.478,.391,.043,.000,.087,.571,.636,.556,.000,,.000,johnsal02
279,Alize Johnson,PF,25,WAS,3,18,.333,.667,.667,.000,.000,.000,.333,.500,.500,,,,.000,johnsal02
279,Alize Johnson,PF,25,NOP,4,28,.300,1.000,.700,.200,.100,.000,.000,.300,.286,.000,1.000,,,johnsal02
280,B.J. Johnson,SF,26,ORL,4,65,.440,.600,.200,.080,.120,.200,.400,.467,.400,.000,.667,.600,.400,johnsbj01
281,Cameron Johnson,PF,25,PHO,66,1730,.460,.356,.127,.147,.041,.041,.644,.523,.766,.483,.240,.200,.425,johnsca02
282,David Johnson,SG,20,TOR,2,2,.000,.000,.000,.000,.000,.000,1.000,,,,,,.000,johnsda08
283,Jalen Johnson,PF,20,ATL,22,120,.537,.683,.488,.073,.073,.049,.317,.679,.950,.000,.000,.000,.231,johnsja05
284,James Johnson,PF,34,BRK,62,1191,.469,.723,.476,.192,.033,.023,.277,.545,.651,.390,.200,.143,.271,johnsja01
285,Joe Johnson,SG,40,BOS,1,2,1.000,1.000,.000,.000,.000,1.000,.000,1.000,,,,1.000,,johnsjo02
286,Keldon Johnson,SF,22,SAS,75,2392,.466,.605,.218,.295,.064,.029,.395,.510,.645,.450,.369,.414,.398,johnske04
287,Keon Johnson,SG,19,TOT,37,697,.353,.632,.276,.188,.103,.066,.368,.360,.507,.353,.214,.000,.340,johnske07
287,Keon Johnson,SG,19,LAC,15,135,.333,.784,.294,.255,.098,.137,.216,.350,.600,.308,.200,.000,.273,johnske07
287,Keon Johnson,SG,19,POR,22,562,.357,.597,.271,.172,.104,.050,.403,.364,.483,.368,.217,.000,.348,johnske07
288,Stanley Johnson,PF,25,LAL,48,1094,.466,.582,.243,.215,.088,.036,.418,.575,.738,.370,.682,.444,.314,johnsst04
289,Tyler Johnson,PG,29,TOT,6,91,.300,.350,.000,.000,.150,.200,.650,.143,,,.000,.250,.385,johnsty01
289,Tyler Johnson,PG,29,PHI,3,38,.400,.300,.000,.000,.100,.200,.700,.333,,,.000,.500,.429,johnsty01
289,Tyler Johnson,PG,29,SAS,3,53,.200,.400,.000,.000,.200,.200,.600,.000,,,.000,.000,.333,johnsty01
290,Nikola Jokic,C,26,DEN,74,2476,.583,.780,.268,.384,.082,.046,.220,.652,.776,.606,.565,.467,.337,jokicni01
291,Carlik Jones,PG,24,TOT,5,23,.111,.889,.333,.111,.333,.111,.111,.125,.333,.000,.000,.000,.000,jonesca03
291,Carlik Jones,PG,24,DAL,3,19,.000,.857,.286,.143,.429,.000,.143,.000,.000,.000,.000,,.000,jonesca03
291,Carlik Jones,PG,24,DEN,2,4,.500,1.000,.500,.000,.000,.500,.000,.500,1.000,,,.000,,jonesca03
292,Damian Jones,C,26,SAC,56,1017,.658,.891,.489,.241,.060,.102,.109,.696,.877,.469,.438,.519,.345,jonesda03
293,Derrick Jones Jr.,PF,24,CHI,51,899,.538,.687,.549,.128,.005,.005,.313,.634,.701,.320,1.000,1.000,.328,jonesde02
294,Herbert Jones,PF,23,NOP,78,2335,.476,.707,.413,.205,.016,.073,.293,.533,.685,.288,.444,.381,.337,joneshe01
295,Jemerrio Jones,SF,26,LAL,2,15,.667,1.000,.667,.333,.000,.000,.000,.667,1.000,.000,,,,jonesje01
296,Kai Jones,C,21,CHO,21,63,.643,.857,.500,.214,.071,.071,.143,.667,1.000,.333,.000,.000,.500,joneska01
297,Mason Jones,SG,23,LAL,4,51,.467,.733,.267,.400,.067,.000,.267,.545,.750,.500,.000,,.250,jonesma05
298,Tre Jones,PG,22,SAS,69,1148,.490,.850,.307,.307,.201,.035,.150,.542,.615,.500,.485,.583,.196,jonestr01
299,Tyus Jones,PG,25,MEM,73,1549,.451,.629,.100,.241,.243,.045,.371,.487,.600,.496,.455,.360,.390,jonesty01
300,DeAndre Jordan,C,33,TOT,48,622,.643,1.000,.818,.168,.007,.007,.000,.643,.701,.417,.000,.000,,jordade01
300,DeAndre Jordan,C,33,LAL,32,408,.674,1.000,.798,.191,.000,.011,.000,.674,.746,.412,,.000,,jordade01
300,DeAndre Jordan,C,33,PHI,16,214,.593,1.000,.852,.130,.019,.000,.000,.593,.630,.429,.000,,,jordade01
301,Cory Joseph,PG,30,DET,65,1600,.445,.608,.220,.210,.065,.113,.393,.465,.614,.429,.346,.311,.414,josepco01
302,Georgios Kalaitzakis,SF,23,TOT,13,214,.463,.612,.269,.179,.090,.075,.388,.512,.667,.583,.333,.000,.385,kalaige01
302,Georgios Kalaitzakis,SF,23,MIL,9,48,.455,.636,.182,.273,.182,.000,.364,.429,.500,.667,.000,,.500,kalaige01
302,Georgios Kalaitzakis,SF,23,OKC,4,166,.464,.607,.286,.161,.071,.089,.393,.529,.688,.556,.500,.000,.364,kalaige01
303,Frank Kaminsky,C,28,PHO,9,181,.545,.773,.303,.394,.061,.015,.227,.608,.650,.577,.750,.000,.333,kaminfr01
304,Luke Kennard,SG,25,LAC,70,1919,.449,.338,.050,.086,.121,.081,.662,.449,.625,.455,.416,.385,.449,kennalu01
305,Braxton Key,SF,24,TOT,11,197,.458,.708,.292,.292,.069,.056,.292,.529,.762,.476,.200,.000,.286,keybr01
305,Braxton Key,SF,24,PHI,2,6,.500,.500,.500,.000,.000,.000,.500,1.000,1.000,,,,.000,keybr01
305,Braxton Key,SF,24,DET,9,191,.457,.714,.286,.300,.071,.057,.286,.520,.750,.476,.200,.000,.300,keybr01
306,George King,SF,28,DAL,4,19,.000,.200,.000,.200,.000,.000,.800,.000,,.000,,,.000,kingge03
307,Louis King,SF,22,SAC,10,104,.319,.426,.021,.128,.085,.191,.574,.350,1.000,.333,.250,.333,.296,kinglo02
308,Corey Kispert,SF,22,WAS,77,1801,.455,.377,.167,.132,.045,.033,.623,.629,.791,.515,.565,.353,.350,kispeco01
309,Maxi Kleber,PF,30,DAL,59,1450,.398,.280,.164,.051,.040,.025,.720,.586,.845,.278,.214,.111,.325,klebima01
310,Brandon Knight,PG,30,DAL,5,65,.400,.320,.280,.040,.000,.000,.680,.750,.857,.000,,,.235,knighbr03
311,Nathan Knight,PF,24,MIN,37,267,.511,.852,.591,.250,.011,.000,.148,.547,.673,.273,.000,,.308,knighna01
312,Kevin Knox,SF,22,TOT,30,222,.365,.365,.153,.106,.059,.047,.635,.516,.769,.556,.000,.250,.278,knoxke01
312,Kevin Knox,SF,22,NYK,13,111,.375,.300,.125,.075,.075,.025,.700,.417,1.000,.000,.000,.000,.357,knoxke01
312,Kevin Knox,SF,22,ATL,17,111,.356,.422,.178,.133,.044,.067,.578,.579,.625,.833,.000,.333,.192,knoxke01
313,John Konchar,SG,25,MEM,72,1292,.515,.519,.332,.092,.053,.042,.481,.610,.736,.458,.429,.182,.413,konchjo01
314,Furkan Korkmaz,SG,24,PHI,67,1414,.387,.434,.187,.149,.047,.051,.566,.515,.739,.314,.500,.292,.289,korkmfu01
315,Luke Kornet,C,26,TOT,15,103,.481,.815,.519,.222,.074,.000,.185,.591,.643,.667,.000,,.000,kornelu01
315,Luke Kornet,C,26,CLE,2,15,.200,.800,.600,.200,.000,.000,.200,.250,.333,.000,,,.000,kornelu01
315,Luke Kornet,C,26,MIL,1,3,.000,1.000,.000,.000,1.000,.000,.000,.000,,,.000,,,kornelu01
315,Luke Kornet,C,26,BOS,12,85,.571,.810,.524,.238,.048,.000,.190,.706,.727,.800,.000,,.000,kornelu01
316,Vit Krejci,SG,21,OKC,30,690,.407,.413,.102,.257,.012,.042,.587,.522,.824,.442,.000,.429,.327,krejcvi01
317,Arnoldas Kulboka,SF,24,CHO,2,5,.000,.000,.000,.000,.000,.000,1.000,,,,,,.000,kulboar01
318,Jonathan Kuminga,SF,19,GSW,70,1185,.513,.676,.341,.276,.043,.015,.324,.598,.771,.433,.400,.286,.336,kuminjo01
319,Kyle Kuzma,PF,26,WAS,66,2204,.452,.599,.167,.260,.108,.065,.401,.526,.744,.498,.386,.311,.341,kuzmaky01
320,Anthony Lamb,SF,24,SAS,2,8,.000,.000,.000,.000,.000,.000,1.000,,,,,,.000,lamban01
321,Jeremy Lamb,SF-SG,29,TOT,56,935,.383,.510,.089,.202,.147,.072,.490,.441,.581,.400,.412,.440,.324,lambje01
321,Jeremy Lamb,SF,29,IND,39,613,.373,.487,.083,.184,.154,.066,.513,.414,.474,.405,.400,.400,.333,lambje01
321,Jeremy Lamb,SG,29,SAC,17,322,.403,.555,.101,.235,.134,.084,.445,.485,.750,.393,.438,.500,.302,lambje01
322,Jock Landale,C,26,SAS,54,589,.495,.564,.368,.152,.025,.020,.436,.626,.707,.484,.200,.750,.326,landajo01
323,Romeo Langford,SG,22,TOT,48,771,.435,.555,.204,.241,.079,.031,.445,.509,.718,.370,.467,.333,.341,langfro01
323,Romeo Langford,SG,22,BOS,44,728,.429,.549,.207,.239,.076,.027,.451,.495,.711,.364,.429,.200,.349,langfro01
323,Romeo Langford,SG,22,SAS,4,43,.571,.714,.143,.286,.143,.143,.286,.800,1.000,.500,1.000,1.000,.000,langfro01
324,Zach LaVine,SG,26,CHI,67,2328,.476,.599,.264,.103,.086,.147,.401,.534,.700,.451,.343,.408,.389,lavinza01
325,Jake Layman,SF,27,MIN,34,231,.411,.521,.301,.123,.055,.041,.479,.579,.773,.222,.250,.667,.229,laymaja01
326,Damion Lee,SG,29,GSW,63,1256,.441,.512,.188,.146,.091,.086,.488,.541,.833,.429,.343,.303,.337,leeda03
327,Saben Lee,PG,22,DET,37,604,.390,.661,.379,.232,.040,.011,.339,.470,.597,.341,.143,.000,.233,leesa01
328,Alex Len,C,28,SAC,39,620,.534,.881,.415,.335,.125,.006,.119,.568,.712,.441,.455,.000,.286,lenal01
329,Caris LeVert,SG,27,TOT,58,1781,.444,.700,.207,.260,.201,.032,.300,.497,.638,.441,.442,.370,.320,leverca01
329,Caris LeVert,SG,27,IND,39,1214,.447,.696,.195,.259,.211,.032,.304,.501,.661,.453,.420,.450,.323,leverca01
329,Caris LeVert,SG,27,CLE,19,567,.435,.711,.241,.263,.177,.030,.289,.485,.589,.410,.512,.143,.313,leverca01
330,Kira Lewis Jr.,PG,20,NOP,24,341,.404,.603,.267,.171,.103,.062,.397,.523,.718,.400,.333,.333,.224,lewiski01
331,Scottie Lewis,SG,21,CHO,2,7,,,,,,,,,,,,,,lewissc01
332,Damian Lillard,PG,31,POR,29,1056,.402,.486,.239,.071,.074,.101,.514,.485,.561,.308,.439,.464,.324,lillada01
333,Nassir Little,SF,21,POR,42,1088,.460,.511,.283,.140,.038,.051,.489,.584,.742,.386,.333,.438,.331,littlna01
334,Isaiah Livers,SF,23,DET,19,383,.456,.289,.111,.078,.033,.067,.711,.538,.800,.429,.667,.167,.422,liveris01
335,Kevon Looney,C,25,GSW,82,1732,.571,.997,.541,.308,.066,.082,.003,.573,.675,.554,.292,.200,.000,looneke01
336,Brook Lopez,C,33,MIL,13,298,.466,.595,.298,.198,.084,.015,.405,.538,.821,.346,.091,.000,.358,lopezbr01
337,Robin Lopez,C,33,ORL,36,612,.553,.970,.281,.618,.055,.015,.030,.560,.714,.512,.364,.333,.333,lopezro01
338,Didi Louzada,SG-SF,22,TOT,9,129,.364,.303,.061,.121,.061,.061,.697,.300,.500,.000,.000,1.000,.391,louzama01
338,Didi Louzada,SF,22,NOP,2,7,.000,.000,.000,.000,.000,.000,1.000,,,,,,.000,louzama01
338,Didi Louzada,SG,22,POR,7,122,.400,.333,.067,.133,.067,.067,.667,.300,.500,.000,.000,1.000,.450,louzama01
339,Kevin Love,C,33,CLE,74,1665,.430,.373,.113,.100,.084,.076,.627,.493,.709,.461,.391,.328,.392,loveke01
340,Kyle Lowry,PG,35,MIA,63,2133,.440,.391,.121,.091,.091,.088,.609,.539,.711,.456,.456,.473,.377,lowryky01
341,Gabriel Lundberg,SG,27,PHO,4,44,.263,.579,.158,.053,.000,.368,.421,.182,.000,.000,,.286,.375,lundbga01
342,Timothé Luwawu-Cabarrot,SF,26,ATL,52,685,.398,.344,.220,.070,.038,.016,.656,.469,.512,.385,.429,.333,.361,luwawti01
343,Trey Lyles,PF,26,TOT,75,1537,.466,.628,.292,.224,.077,.036,.372,.552,.671,.516,.279,.400,.321,lylestr01
343,Trey Lyles,PF,26,DET,51,990,.456,.620,.284,.216,.073,.047,.380,.550,.651,.530,.321,.389,.301,lylestr01
343,Trey Lyles,PF,26,SAC,24,547,.489,.646,.309,.242,.084,.011,.354,.557,.709,.488,.200,.500,.365,lylestr01
344,Théo Maledon,PG,20,OKC,51,908,.375,.527,.117,.334,.054,.022,.473,.449,.514,.462,.294,.286,.293,maledth01
345,Sandro Mamukelashvili,PF,22,MIL,41,407,.496,.548,.409,.104,.026,.009,.452,.556,.638,.250,.667,.000,.423,mamuksa01
346,Terance Mann,SF,25,LAC,81,2317,.484,.699,.313,.180,.138,.068,.301,.535,.690,.460,.400,.298,.365,mannte01
347,Tre Mann,PG,20,OKC,60,1367,.393,.537,.102,.264,.094,.078,.463,.421,.533,.394,.418,.370,.360,manntr01
348,Boban Marjanovic,C,33,DAL,23,128,.600,.943,.329,.414,.171,.029,.057,.621,.783,.552,.417,1.000,.250,marjabo01
349,Lauri Markkanen,SF,24,CLE,61,1878,.445,.459,.226,.144,.061,.028,.541,.548,.679,.446,.326,.500,.358,markkla01
350,Naji Marshall,SF,24,NOP,55,735,.405,.610,.320,.193,.071,.026,.390,.537,.581,.538,.526,.000,.200,marshna01
351,Caleb Martin,SF,26,MIA,60,1372,.507,.622,.373,.146,.034,.068,.378,.565,.739,.250,.143,.500,.413,martica02
352,Cody Martin,SF,26,CHO,71,1866,.482,.624,.390,.137,.045,.052,.376,.542,.679,.345,.316,.227,.384,martico01
353,Kelan Martin,SF,26,TOT,30,450,.409,.561,.234,.123,.088,.117,.439,.500,.650,.190,.467,.550,.293,martike03
353,Kelan Martin,SF,26,IND,27,444,.417,.560,.238,.119,.083,.119,.440,.511,.650,.200,.500,.550,.297,martike03
353,Kelan Martin,SF,26,BOS,3,6,.000,.667,.000,.333,.333,.000,.333,.000,,.000,.000,,.000,martike03
354,Kenyon Martin Jr.,SF,21,HOU,79,1656,.533,.679,.455,.222,.002,.000,.321,.617,.739,.371,.000,,.357,martike04
355,Garrison Mathews,SG,25,HOU,65,1712,.399,.163,.104,.041,.009,.009,.837,.600,.771,.316,.250,.250,.360,mathega01
356,Dakota Mathias,SG,26,MEM,6,16,.333,.000,.000,.000,.000,.000,1.000,,,,,,.333,mathida01
357,Wesley Matthews,SG,35,MIL,49,1002,.395,.286,.155,.091,.041,.000,.714,.540,.676,.400,.333,,.338,matthwe02
358,Tyrese Maxey,PG,21,PHI,75,2650,.485,.689,.258,.237,.121,.073,.311,.512,.654,.466,.317,.479,.427,maxeyty01
359,Skylar Mays,SG,24,ATL,28,220,.500,.609,.422,.109,.016,.063,.391,.615,.667,.429,.000,.750,.320,mayssk01
360,Miles McBride,PG,21,NYK,40,372,.296,.370,.139,.093,.019,.120,.630,.375,.600,.200,.000,.308,.250,mcbrimi01
361,Mac McClung,SG-PG,23,TOT,2,25,.500,.500,.333,.000,.000,.167,.500,.667,.500,,,1.000,.333,mccluma01
361,Mac McClung,PG,23,CHI,1,3,1.000,1.000,.000,.000,.000,1.000,.000,1.000,,,,1.000,,mccluma01
361,Mac McClung,SG,23,LAL,1,22,.400,.400,.400,.000,.000,.000,.600,.500,.500,,,,.333,mccluma01
362,CJ McCollum,SG,30,TOT,62,2145,.460,.597,.127,.183,.162,.125,.403,.509,.642,.441,.497,.490,.388,mccolcj01
362,CJ McCollum,SG,30,POR,36,1267,.436,.565,.126,.165,.155,.119,.435,.476,.607,.409,.476,.430,.384,mccolcj01
362,CJ McCollum,SG,30,NOP,26,878,.493,.639,.128,.206,.172,.132,.361,.549,.688,.476,.523,.561,.394,mccolcj01
363,T.J. McConnell,PG,29,IND,27,652,.481,.841,.274,.332,.173,.063,.159,.514,.561,.565,.417,.308,.303,mccontj01
364,Jaden McDaniels,PF,21,MIN,70,1803,.460,.545,.283,.179,.054,.029,.455,.579,.726,.364,.533,.563,.317,mcdanja02
365,Jalen McDaniels,SF,24,CHO,55,895,.484,.575,.283,.224,.051,.016,.425,.562,.750,.386,.231,.750,.380,mcdanja01
366,Doug McDermott,PF,30,SAS,51,1223,.462,.449,.176,.185,.060,.028,.551,.512,.646,.395,.464,.538,.422,mcderdo01
367,JaVale McGee,C,34,PHO,74,1172,.629,.980,.535,.371,.052,.022,.020,.637,.706,.588,.375,.400,.222,mcgeeja01
368,Cameron McGriff,SF,24,POR,3,46,.357,.571,.357,.143,.000,.071,.429,.375,.400,.500,,.000,.333,mcgrica01
369,Rodney McGruder,SG,30,DET,51,754,.436,.351,.169,.120,.044,.018,.649,.506,.605,.370,.400,.750,.397,mcgruro01
370,Alfonzo McKinnie,SF,29,CHI,17,206,.393,.557,.311,.082,.082,.082,.443,.441,.526,.600,.000,.400,.333,mckinal01
371,JaQuori McLaughlin,PG,24,DAL,4,11,.000,.500,.000,.000,.000,.500,.500,.000,,,,.000,.000,mclauja01
372,Jordan McLaughlin,PG,25,MIN,62,902,.440,.575,.290,.230,.050,.005,.425,.530,.707,.326,.400,1.000,.318,mclaujo01
373,Ben McLemore,SG,28,POR,64,1285,.401,.226,.091,.033,.006,.096,.774,.533,.694,.389,.333,.442,.362,mclembe01
374,De'Anthony Melton,SG,23,MEM,73,1657,.404,.465,.167,.164,.068,.066,.535,.440,.595,.368,.383,.283,.374,meltode01
375,Sam Merrill,SG,25,MEM,6,58,.333,.042,.042,.000,.000,.000,.958,1.000,1.000,,,,.304,merrisa01
376,Chimezie Metu,C,24,SAC,60,1279,.452,.586,.229,.223,.085,.049,.414,.555,.718,.490,.368,.409,.306,metuch01
377,Khris Middleton,SF,30,MIL,66,2141,.443,.575,.104,.140,.189,.142,.425,.494,.736,.406,.503,.393,.373,middlkh01
378,C.J. Miles,SG,34,BOS,1,2,,,,,,,,,,,,,,milescj01
379,Patty Mills,SG,33,BRK,81,2346,.408,.285,.064,.037,.065,.118,.715,.429,.745,.207,.365,.362,.400,millspa02
380,Paul Millsap,C,36,TOT,33,376,.391,.696,.357,.243,.087,.009,.304,.463,.537,.429,.300,.000,.229,millspa01
380,Paul Millsap,C,36,BRK,24,270,.376,.682,.376,.212,.082,.012,.318,.448,.531,.389,.286,.000,.222,millspa01
380,Paul Millsap,C,36,PHI,9,106,.433,.733,.300,.333,.100,.000,.267,.500,.556,.500,.333,,.250,millspa01
381,Shake Milton,SG,25,PHI,55,1179,.429,.670,.199,.278,.136,.057,.330,.481,.700,.402,.400,.304,.323,miltosh01
382,Davion Mitchell,PG,23,SAC,75,2076,.418,.620,.189,.154,.108,.170,.380,.480,.642,.438,.352,.420,.316,mitchda01
383,Donovan Mitchell,SG,25,UTA,67,2266,.448,.525,.140,.236,.077,.072,.475,.533,.708,.465,.519,.434,.355,mitchdo01
384,Evan Mobley,PF,20,CLE,69,2331,.508,.889,.364,.307,.143,.075,.111,.541,.758,.380,.445,.323,.250,mobleev01
385,Malik Monk,SG,23,LAL,76,2139,.473,.465,.229,.162,.034,.040,.535,.568,.725,.448,.393,.303,.391,monkma01
386,Greg Monroe,C,31,TOT,14,195,.561,1.000,.632,.351,.000,.018,.000,.561,.694,.350,,.000,,monrogr01
386,Greg Monroe,C,31,MIN,4,81,.591,1.000,.545,.409,.000,.045,.000,.591,.917,.222,,.000,,monrogr01
386,Greg Monroe,C,31,WAS,2,18,.500,1.000,.750,.250,.000,.000,.000,.500,.667,.000,,,,monrogr01
386,Greg Monroe,C,31,MIL,5,70,.500,1.000,.636,.364,.000,.000,.000,.500,.429,.625,,,,monrogr01
386,Greg Monroe,C,31,UTA,3,26,.800,1.000,.800,.200,.000,.000,.000,.800,1.000,.000,,,,monrogr01
387,Moses Moody,SG,19,GSW,52,607,.437,.399,.213,.082,.049,.055,.601,.548,.641,.467,.667,.200,.364,moodymo01
388,Xavier Moon,SG,27,LAC,10,137,.490,.725,.098,.137,.176,.314,.275,.541,.400,.286,.556,.688,.357,moonxa01
389,Matt Mooney,SG,24,NYK,1,2,.000,.000,.000,.000,.000,.000,1.000,,,,,,.000,moonema01
390,Ja Morant,PG,22,MEM,57,1889,.493,.782,.332,.291,.135,.025,.218,.534,.706,.433,.384,.241,.344,moranja01
391,Juwan Morgan,PF,24,TOT,2,31,.667,.333,.333,.000,.000,.000,.667,1.000,1.000,,,,.500,morgaju01
391,Juwan Morgan,PF,24,TOR,1,27,.667,.333,.333,.000,.000,.000,.667,1.000,1.000,,,,.500,morgaju01
391,Juwan Morgan,PF,24,BOS,1,4,,,,,,,,,,,,,,morgaju01
392,Jaylen Morris,SG,26,SAS,3,16,.000,.667,.500,.167,.000,.000,.333,.000,.000,.000,,,.000,morrija01
393,Marcus Morris,PF,32,LAC,54,1564,.434,.602,.046,.145,.240,.171,.398,.478,.688,.490,.470,.424,.367,morrima03
394,Markieff Morris,PF,32,MIA,17,298,.474,.658,.140,.175,.228,.114,.342,.547,.750,.450,.500,.538,.333,morrima02
395,Monte Morris,PG,26,DEN,75,2239,.484,.594,.155,.137,.132,.169,.406,.545,.725,.491,.490,.466,.395,morrimo01
396,Emmanuel Mudiay,PG,25,SAC,2,11,.000,1.000,.000,.000,1.000,.000,.000,.000,,,.000,,,mudiaem01
397,Mychal Mulder,PG,27,TOT,17,239,.312,.299,.117,.104,.026,.052,.701,.304,.556,.000,.500,.250,.315,muldemy01
397,Mychal Mulder,PG,27,ORL,15,195,.299,.313,.134,.104,.030,.045,.687,.333,.556,.000,.500,.333,.283,muldemy01
397,Mychal Mulder,PG,27,MIA,2,44,.400,.200,.000,.100,.000,.100,.800,.000,,.000,,.000,.500,muldemy01
398,Ade Murkey,SG,24,SAC,1,1,,,,,,,,,,,,,,murkead01
399,Trey Murphy III,SF,21,NOP,62,864,.394,.329,.199,.087,.018,.025,.671,.418,.582,.167,.200,.143,.382,murphtr02
400,Dejounte Murray,PG,25,SAS,68,2366,.462,.763,.214,.206,.226,.116,.237,.504,.665,.418,.456,.451,.327,murrade01
401,Mike Muscala,C,30,OKC,43,592,.456,.343,.129,.097,.089,.028,.657,.506,.688,.458,.318,.429,.429,muscami01
402,Svi Mykhailiuk,SF,24,TOR,56,716,.389,.427,.218,.098,.060,.051,.573,.500,.588,.522,.286,.333,.306,mykhasv01
403,Abdel Nader,SF,28,PHO,14,145,.343,.600,.314,.286,.000,.000,.400,.381,.727,.000,,,.286,naderab01
404,Larry Nance Jr.,C-PF,29,TOT,46,1040,.522,.717,.466,.170,.057,.024,.283,.599,.704,.476,.214,.333,.329,nancela02
404,Larry Nance Jr.,C,29,POR,37,858,.515,.687,.449,.162,.051,.025,.313,.610,.674,.563,.300,.400,.306,nancela02
404,Larry Nance Jr.,PF,29,NOP,9,182,.551,.837,.531,.204,.082,.020,.163,.561,.808,.200,.000,.000,.500,nancela02
405,RJ Nembhard Jr.,SG,22,CLE,14,63,.333,.889,.389,.333,.111,.056,.111,.375,.857,.000,.000,.000,.000,nembhrj01
406,Aaron Nesmith,SF,22,BOS,52,574,.396,.368,.126,.154,.033,.055,.632,.612,.870,.464,.167,.700,.270,nesmiaa01
407,Raul Neto,PG,29,WAS,70,1372,.463,.728,.231,.313,.159,.025,.272,.526,.667,.449,.471,.545,.292,netora01
408,Malik Newman,PG,24,CLE,1,8,.600,.800,.200,.000,.400,.200,.200,.750,1.000,,1.000,.000,.000,newmama01
409,Georges Niang,PF,28,PHI,76,1736,.437,.313,.119,.153,.032,.009,.687,.511,.627,.465,.389,.200,.403,niangge01
410,Daishen Nix,SG,19,HOU,24,261,.403,.612,.358,.239,.000,.015,.388,.488,.667,.250,,.000,.269,nixda01
411,Zeke Nnaji,PF,21,DEN,41,698,.516,.570,.355,.156,.005,.054,.430,.557,.727,.241,.000,.400,.463,nnajize01
412,Nerlens Noel,C,27,NYK,25,562,.533,.950,.533,.250,.167,.000,.050,.561,.563,.533,.600,,.000,noelne01
413,Jaylen Nowell,SG,22,MIN,62,975,.475,.613,.203,.225,.143,.041,.387,.526,.679,.430,.508,.353,.394,nowelja01
414,Frank Ntilikina,SG,23,DAL,58,685,.399,.502,.117,.157,.094,.135,.498,.455,.462,.429,.429,.500,.342,ntilila01
415,Jusuf Nurkic,C,27,POR,56,1579,.535,.907,.490,.350,.030,.037,.093,.563,.653,.481,.278,.364,.268,nurkiju01
416,David Nwaba,SF,29,HOU,46,609,.483,.722,.511,.193,.017,.000,.278,.551,.656,.294,.333,,.306,nwabada01
417,Jordan Nwora,SF,23,MIL,62,1185,.403,.509,.188,.130,.097,.093,.491,.455,.667,.350,.333,.302,.348,nworajo01
418,Royce O'Neale,SF,28,UTA,77,2406,.457,.311,.194,.106,.011,.000,.689,.609,.686,.532,.000,,.389,onealro01
419,Semi Ojeleye,PF,27,TOT,30,406,.303,.495,.091,.263,.141,.000,.505,.306,.667,.269,.143,,.300,ojelese01
419,Semi Ojeleye,PF,27,MIL,20,308,.257,.414,.086,.229,.100,.000,.586,.241,.667,.188,.000,,.268,ojelese01
419,Semi Ojeleye,PF,27,LAC,10,98,.414,.690,.103,.345,.241,.000,.310,.400,.667,.400,.286,,.444,ojelese01
420,Chuma Okeke,PF,23,ORL,70,1749,.376,.355,.137,.139,.045,.033,.645,.480,.658,.413,.346,.211,.318,okekech01
421,Josh Okogie,SG,23,MIN,49,516,.404,.548,.365,.173,.010,.000,.452,.491,.526,.444,.000,,.298,okogijo01
422,Onyeka Okongwu,C,21,ATL,48,992,.690,1.000,.677,.296,.027,.000,.000,.690,.765,.522,.667,,,okongon01
423,Isaac Okoro,SF,21,CLE,67,1981,.480,.636,.487,.123,.009,.016,.364,.555,.648,.264,.250,.143,.350,okorois01
424,KZ Okpala,PF,22,MIA,21,244,.435,.623,.319,.232,.058,.014,.377,.488,.545,.500,.250,.000,.346,okpalkz01
425,Victor Oladipo,SG,29,MIA,8,173,.479,.507,.247,.096,.082,.082,.493,.541,.667,.286,.667,.333,.417,oladivi01
426,Cameron Oliver,SF,25,ATL,2,43,.667,.800,.600,.133,.000,.067,.200,.750,.667,1.000,,1.000,.333,oliveca01
427,Kelly Olynyk,C,30,DET,40,764,.448,.584,.301,.175,.045,.063,.416,.527,.640,.380,.385,.500,.336,olynyke01
428,Eugene Omoruyi,SF,24,DAL,4,18,.400,.600,.000,.200,.200,.200,.400,.333,,1.000,.000,.000,.500,omorueu01
429,Miye Oni,SG,24,UTA,16,44,.222,.111,.111,.000,.000,.000,.889,1.000,1.000,,,,.125,onimi01
430,Cedi Osman,SF,26,CLE,66,1462,.432,.372,.227,.107,.017,.021,.628,.559,.654,.443,.200,.417,.357,osmande01
431,Daniel Oturu,C,22,TOR,3,27,.500,.833,.500,.333,.000,.000,.167,.600,.667,.500,,,.000,oturuda01
432,Kelly Oubre Jr.,SF,26,CHO,76,1999,.440,.407,.231,.121,.042,.013,.593,.578,.716,.425,.308,.417,.345,oubreke01
433,Jaysean Paige,PG,27,DET,1,7,.000,.333,.000,.000,.000,.333,.667,.000,,,,.000,.000,paigeja01
434,Trayvon Palmer,SG,27,DET,1,17,.000,1.000,.000,1.000,.000,.000,.000,.000,,.000,,,,palmetr01
435,Kevin Pangos,PG,29,CLE,24,166,.326,.435,.109,.239,.043,.043,.565,.450,.600,.364,.500,.500,.231,pangoke01
436,Jabari Parker,PF,26,BOS,12,112,.474,.579,.211,.184,.026,.158,.421,.455,.750,.286,.000,.333,.500,parkeja01
437,Eric Paschall,PF,25,UTA,58,736,.485,.540,.315,.183,.034,.009,.460,.583,.649,.512,.250,1.000,.370,pascher01
438,Chris Paul,PG,36,PHO,65,2139,.493,.730,.034,.158,.346,.192,.270,.559,.720,.543,.592,.482,.317,paulch01
439,Cameron Payne,PG,27,PHO,58,1278,.409,.641,.187,.300,.112,.041,.359,.449,.536,.381,.530,.333,.336,payneca01
440,Elfrid Payton,PG,27,PHO,50,549,.383,.897,.263,.491,.097,.046,.103,.401,.500,.372,.353,.250,.222,paytoel01
441,Gary Payton II,SG,29,GSW,71,1247,.616,.651,.398,.244,.003,.006,.349,.754,.825,.655,.000,.500,.358,paytoga02
442,Norvel Pelle,C,28,UTA,3,19,.600,1.000,1.000,.000,.000,.000,.000,.600,.600,,,,,pelleno01
443,Reggie Perry,PF,21,TOT,10,187,.506,.797,.342,.266,.089,.101,.203,.587,.815,.333,.429,.625,.188,perryre01
443,Reggie Perry,PF,21,POR,9,177,.500,.795,.346,.269,.090,.090,.205,.581,.815,.333,.429,.571,.188,perryre01
443,Reggie Perry,PF,21,IND,1,10,1.000,1.000,.000,.000,.000,1.000,.000,1.000,,,,1.000,,perryre01
444,Jamorko Pickett,PF,24,DET,13,176,.360,.220,.040,.160,.000,.020,.780,.455,.500,.500,,.000,.333,pickeja01
445,Theo Pinson,SF,26,DAL,19,148,.359,.231,.051,.077,.026,.077,.769,.444,.500,.333,.000,.667,.333,pinsoth01
446,Mason Plumlee,C,31,CHO,73,1793,.641,.994,.681,.266,.044,.003,.006,.645,.752,.424,.357,.000,.000,plumlma01
447,Jakob Poeltl,C,26,SAS,68,1970,.618,.998,.471,.391,.133,.005,.002,.618,.747,.514,.477,.333,1.000,poeltja01
448,Aleksej Pokusevski,PF,20,OKC,61,1233,.408,.568,.200,.248,.070,.050,.432,.498,.703,.416,.344,.304,.289,pokusal01
449,Yves Pons,SF,22,MEM,12,71,.313,.438,.250,.125,.063,.000,.563,.286,.250,.000,1.000,,.333,ponsyv01
450,Jordan Poole,SG,22,GSW,76,2283,.448,.452,.142,.182,.066,.061,.548,.550,.680,.523,.457,.431,.364,poolejo01
451,Kevin Porter Jr.,PG,21,HOU,61,1907,.415,.489,.203,.157,.058,.071,.511,.456,.646,.291,.362,.351,.375,porteke02
452,Michael Porter Jr.,SF,23,DEN,9,265,.359,.534,.165,.097,.107,.165,.466,.491,.706,.300,.273,.529,.208,portemi01
453,Otto Porter Jr.,PF,28,GSW,63,1396,.464,.481,.161,.163,.087,.070,.519,.565,.746,.515,.444,.414,.370,porteot01
454,Bobby Portis,C,26,MIL,72,2028,.479,.612,.219,.185,.126,.082,.388,.533,.644,.497,.455,.437,.393,portibo01
455,Kristaps Porziņģis,PF,26,TOT,51,1481,.459,.671,.214,.183,.186,.089,.329,.532,.762,.414,.420,.456,.310,porzikr01
455,Kristaps Porziņģis,PF,26,DAL,34,1002,.451,.659,.230,.161,.191,.077,.341,.537,.778,.427,.392,.410,.283,porzikr01
455,Kristaps Porziņģis,PF,26,WAS,17,479,.475,.695,.181,.224,.178,.112,.305,.522,.723,.397,.478,.517,.367,porzikr01
456,Micah Potter,C,23,DET,3,31,.455,.818,.364,.273,.182,.000,.182,.556,.500,.667,.500,,.000,pottemi01
457,Dwight Powell,C,30,DAL,82,1798,.671,.908,.708,.160,.020,.020,.092,.703,.792,.422,.375,.125,.351,poweldw01
458,Myles Powell,PG,24,PHI,11,52,.294,.647,.353,.176,.000,.118,.353,.364,.667,.000,,.000,.167,powelmy01
459,Norman Powell,SF-SG,28,TOT,45,1458,.461,.582,.256,.179,.058,.089,.418,.491,.568,.407,.514,.426,.419,powelno01
459,Norman Powell,SF,28,POR,40,1333,.456,.577,.264,.172,.052,.090,.423,.492,.559,.409,.464,.469,.406,powelno01
459,Norman Powell,SG,28,LAC,5,125,.508,.619,.190,.238,.111,.079,.381,.487,.667,.400,.714,.000,.542,powelno01
460,Joshua Primo,SF,19,SAS,50,965,.374,.493,.200,.178,.070,.044,.507,.444,.611,.375,.263,.250,.307,primojo01
461,Taurean Prince,PF,27,MIN,69,1177,.454,.413,.174,.138,.062,.038,.587,.565,.676,.463,.625,.333,.376,princta02
462,Payton Pritchard,PG,24,BOS,71,1001,.429,.343,.094,.091,.062,.097,.657,.461,.629,.353,.478,.389,.412,pritcpa01
463,Trevelin Queen,SG,24,HOU,10,74,.455,.273,.242,.030,.000,.000,.727,.667,.750,.000,,,.375,queentr01
464,Neemias Queta,C,22,SAC,14,120,.447,1.000,.447,.368,.132,.053,.000,.447,.529,.500,.200,.000,,quetane01
465,Immanuel Quickley,PG,22,NYK,78,1802,.392,.453,.090,.167,.130,.066,.547,.448,.631,.421,.404,.354,.346,quickim01
466,Jahmi'us Ramsey,SG,20,SAC,19,134,.414,.690,.310,.224,.069,.086,.310,.475,.667,.231,.250,.600,.278,ramseja01
467,Julius Randle,PF,27,NYK,72,2544,.411,.687,.254,.152,.137,.144,.313,.458,.627,.368,.374,.335,.308,randlju01
468,Austin Reaves,SG,23,LAL,61,1418,.459,.475,.211,.157,.066,.041,.525,.616,.746,.560,.571,.231,.317,reaveau01
469,Cam Reddish,SF,22,TOT,49,1012,.404,.549,.211,.125,.108,.105,.451,.442,.593,.471,.273,.279,.359,reddica01
469,Cam Reddish,SF,22,ATL,34,797,.402,.554,.210,.111,.120,.114,.446,.421,.583,.447,.293,.231,.379,reddica01
469,Cam Reddish,SF,22,NYK,15,215,.415,.523,.215,.200,.046,.062,.477,.559,.643,.538,.000,.750,.258,reddica01
470,Davon Reed,SG,26,DEN,48,668,.503,.466,.099,.161,.075,.130,.534,.587,.688,.500,.583,.619,.430,reedda01
471,Paul Reed,C,22,PHI,38,302,.563,.917,.625,.219,.042,.031,.083,.591,.767,.190,.250,.333,.250,reedpa01
472,Naz Reid,C,22,MIN,77,1215,.489,.651,.399,.244,.008,.000,.349,.568,.684,.379,.500,,.343,reidna01
473,Nick Richards,C,24,CHO,50,367,.667,1.000,.689,.278,.033,.000,.000,.667,.774,.360,1.000,,,richani01
474,Josh Richardson,SG,28,TOT,65,1600,.438,.539,.109,.154,.178,.099,.461,.458,.655,.390,.432,.396,.415,richajo01
474,Josh Richardson,SG,28,BOS,44,1087,.443,.545,.108,.155,.175,.108,.455,.481,.703,.453,.400,.432,.397,richajo01
474,Josh Richardson,SG,28,SAS,21,513,.429,.529,.110,.152,.183,.084,.471,.416,.571,.276,.486,.313,.444,richajo01
475,Austin Rivers,SG,29,DEN,67,1480,.417,.340,.160,.151,.020,.009,.660,.563,.750,.453,.143,.000,.342,riverau01
476,Duncan Robinson,SG,27,MIA,79,2043,.399,.140,.077,.039,.012,.012,.860,.569,.679,.393,.556,.444,.372,robindu01
477,Justin Robinson,PG,24,TOT,25,304,.301,.344,.065,.075,.118,.086,.656,.313,.833,.143,.182,.250,.295,robinju01
477,Justin Robinson,PG,24,MIL,17,198,.316,.351,.088,.070,.140,.053,.649,.400,1.000,.250,.250,.000,.270,robinju01
477,Justin Robinson,PG,24,SAC,3,15,.125,.625,.000,.250,.250,.125,.375,.200,,.000,.000,1.000,.000,robinju01
477,Justin Robinson,PG,24,DET,5,91,.321,.250,.036,.036,.036,.143,.750,.143,.000,.000,.000,.250,.381,robinju01
478,Mitchell Robinson,C,23,NYK,72,1848,.761,1.000,.918,.082,.000,.000,.000,.761,.781,.536,,,,robinmi01
479,Jeremiah Robinson-Earl,C,21,OKC,49,1087,.414,.491,.244,.151,.062,.034,.509,.478,.608,.429,.200,.273,.352,robinje02
480,Isaiah Roby,PF,23,OKC,45,948,.514,.693,.319,.328,.031,.015,.307,.545,.699,.425,.300,.400,.444,robyis01
481,Rajon Rondo,PG,35,TOT,39,697,.386,.500,.222,.170,.091,.017,.500,.420,.641,.233,.313,.000,.352,rondora01
481,Rajon Rondo,PG,35,LAL,18,289,.324,.577,.254,.225,.085,.014,.423,.366,.611,.125,.333,.000,.267,rondora01
481,Rajon Rondo,PG,35,CLE,21,408,.429,.448,.200,.133,.095,.019,.552,.468,.667,.357,.300,.000,.397,rondora01
482,Derrick Rose,PG,33,NYK,26,636,.445,.664,.245,.230,.088,.102,.336,.467,.582,.508,.292,.250,.402,rosede01
483,Terrence Ross,SG,30,ORL,63,1448,.397,.523,.108,.125,.155,.135,.477,.493,.700,.435,.523,.347,.292,rosste01
484,Terry Rozier,SG,27,CHO,73,2458,.444,.492,.181,.165,.082,.064,.508,.516,.649,.396,.521,.440,.374,roziete01
485,Ricky Rubio,PG,31,CLE,34,970,.363,.577,.197,.165,.136,.078,.423,.380,.481,.294,.375,.313,.339,rubiori01
486,D'Angelo Russell,PG,25,MIN,65,2077,.411,.469,.128,.128,.104,.109,.531,.492,.696,.392,.465,.396,.340,russeda01
487,Matt Ryan,SF,24,BOS,1,5,.200,.000,.000,.000,.000,.000,1.000,,,,,,.200,ryanma01
488,Domantas Sabonis,PF-C,25,TOT,62,2136,.573,.838,.485,.265,.047,.041,.162,.623,.739,.517,.389,.219,.312,sabondo01
488,Domantas Sabonis,PF,25,IND,47,1632,.580,.811,.511,.226,.042,.032,.189,.639,.750,.504,.292,.278,.324,sabondo01
488,Domantas Sabonis,C,25,SAC,15,504,.554,.916,.411,.376,.059,.069,.084,.584,.699,.539,.583,.143,.235,sabondo01
489,Olivier Sarr,C,22,OKC,22,421,.574,.713,.238,.396,.069,.010,.287,.625,.667,.575,.857,.000,.448,sarrol01
490,Tomáš Satoranský,SG-PG-SF,30,TOT,55,906,.377,.723,.241,.236,.152,.094,.277,.442,.630,.333,.379,.333,.208,satorto01
490,Tomáš Satoranský,SG,30,NOP,32,481,.299,.710,.234,.262,.150,.065,.290,.355,.520,.286,.375,.000,.161,satorto01
490,Tomáš Satoranský,SF,30,SAS,1,9,,,,,,,,,,,,,,satorto01
490,Tomáš Satoranský,PG,30,WAS,22,416,.476,.738,.250,.202,.155,.131,.262,.548,.762,.412,.385,.545,.273,satorto01
491,Jordan Schakel,SG,23,WAS,4,30,.091,.455,.091,.273,.000,.091,.545,.000,.000,.000,,.000,.167,schakjo01
492,Admiral Schofield,SF,24,ORL,38,469,.419,.388,.147,.209,.023,.008,.612,.560,.632,.481,.667,1.000,.329,schofad01
493,Dennis Schröder,SG-PG,28,TOT,64,1837,.431,.655,.169,.228,.126,.133,.345,.477,.639,.442,.374,.427,.344,schrode01
493,Dennis Schröder,SG,28,BOS,49,1433,.440,.671,.163,.240,.132,.137,.329,.485,.653,.471,.403,.388,.349,schrode01
493,Dennis Schröder,PG,28,HOU,15,404,.393,.586,.193,.179,.100,.114,.414,.439,.593,.280,.214,.625,.328,schrode01
494,Tre Scott,SF,25,CLE,2,11,.500,.833,.500,.167,.167,.000,.167,.600,.667,1.000,.000,,.000,scotttr01
495,Jay Scrubb,SG,21,LAC,18,121,.391,.543,.239,.087,.130,.087,.457,.480,.545,.500,.500,.250,.286,scrubja01
496,Wayne Selden,SG,27,NYK,3,19,.250,.500,.000,.500,.000,.000,.500,.000,,.000,,,.500,seldewa01
497,Alperen Şengün,C,19,HOU,72,1489,.474,.777,.429,.297,.042,.010,.223,.539,.671,.385,.318,.400,.248,sengual01
498,Collin Sexton,SG,23,CLE,11,316,.450,.702,.305,.258,.066,.073,.298,.538,.739,.385,.400,.364,.244,sextoco01
499,Landry Shamet,SG,24,PHO,69,1437,.394,.311,.089,.109,.058,.056,.689,.450,.628,.340,.393,.444,.368,shamela01
500,Day'Ron Sharpe,PF,20,BRK,32,391,.577,.953,.772,.161,.020,.000,.047,.592,.652,.333,.333,,.286,sharpda01
501,Pascal Siakam,PF,27,TOR,68,2578,.494,.819,.216,.340,.132,.132,.181,.527,.716,.498,.447,.371,.344,siakapa01
502,Chris Silva,PF,25,TOT,10,91,.533,1.000,.533,.400,.000,.067,.000,.533,.750,.333,,.000,,silvach01
502,Chris Silva,PF,25,MIN,1,3,,,,,,,,,,,,,,silvach01
502,Chris Silva,PF,25,MIA,9,88,.533,1.000,.533,.400,.000,.067,.000,.533,.750,.333,,.000,,silvach01
503,Marko Simonovic,C,22,CHI,9,35,.267,.667,.333,.200,.000,.133,.333,.300,.600,.000,,.000,.200,simonma01
504,Anfernee Simons,SG,22,POR,57,1681,.443,.445,.113,.118,.109,.105,.555,.490,.567,.489,.483,.417,.405,simonan01
505,Zavier Simpson,PG,24,OKC,4,174,.365,.846,.250,.442,.096,.058,.154,.409,.538,.391,.400,.000,.125,simpsza01
506,Jericho Sims,PF,23,NYK,41,555,.722,1.000,.815,.148,.037,.000,.000,.722,.795,.500,.000,,,simsje01
507,Deividas Sirvydis,SG,21,DET,3,27,.100,.300,.200,.100,.000,.000,.700,.000,.000,.000,,,.143,sirvyde01
508,Javonte Smart,PG,22,TOT,17,200,.317,.550,.183,.167,.133,.067,.450,.333,.545,.300,.125,.250,.296,smartja01
508,Javonte Smart,PG,22,MIL,13,160,.256,.581,.209,.140,.140,.093,.419,.280,.556,.000,.167,.250,.222,smartja01
508,Javonte Smart,PG,22,MIA,4,40,.471,.471,.118,.235,.118,.000,.529,.500,.500,.750,.000,,.444,smartja01
509,Marcus Smart,PG,27,BOS,71,2296,.418,.499,.146,.251,.075,.026,.501,.506,.695,.439,.500,.105,.331,smartma01
510,Dennis Smith Jr.,PG,24,POR,37,638,.418,.857,.354,.307,.090,.106,.143,.451,.522,.431,.235,.450,.222,smithde03
511,Ish Smith,PG,33,TOT,65,1126,.430,.844,.200,.172,.205,.267,.156,.441,.500,.392,.364,.487,.373,smithis01
511,Ish Smith,PG,33,CHO,37,511,.395,.865,.254,.211,.205,.195,.135,.394,.489,.282,.368,.417,.400,smithis01
511,Ish Smith,PG,33,WAS,28,615,.457,.829,.159,.143,.204,.322,.171,.478,.513,.514,.360,.519,.357,smithis01
512,Jalen Smith,PF,21,TOT,51,925,.503,.651,.291,.246,.063,.051,.349,.596,.765,.500,.364,.389,.328,smithja04
512,Jalen Smith,PF,21,PHO,29,382,.460,.715,.248,.328,.073,.066,.285,.551,.706,.556,.200,.333,.231,smithja04
512,Jalen Smith,PF,21,IND,22,543,.531,.610,.319,.192,.056,.042,.390,.631,.794,.439,.500,.444,.373,smithja04
513,Xavier Sneed,SF,24,TOT,9,39,.200,.200,.100,.000,.100,.000,.800,.500,1.000,,.000,,.125,sneedxa01
513,Xavier Sneed,SF,24,MEM,2,8,.000,.000,.000,.000,.000,.000,1.000,,,,,,.000,sneedxa01
513,Xavier Sneed,SF,24,UTA,7,31,.250,.250,.125,.000,.125,.000,.750,.500,1.000,,.000,,.167,sneedxa01
514,Tony Snell,SG,30,TOT,53,823,.404,.251,.105,.094,.035,.018,.749,.558,.722,.375,.500,.667,.352,snellto01
514,Tony Snell,SG,30,POR,38,546,.371,.227,.082,.072,.052,.021,.773,.545,.500,.429,.600,1.000,.320,snellto01
514,Tony Snell,SG,30,NOP,15,277,.446,.284,.135,.122,.014,.014,.716,.571,.900,.333,.000,.000,.396,snellto01
515,Jaden Springer,SG,19,PHI,2,6,1.000,1.000,.000,1.000,.000,.000,.000,1.000,,1.000,,,,sprinja01
516,Cassius Stanley,SG,22,DET,9,155,.413,.630,.152,.413,.043,.022,.370,.517,.571,.526,.500,.000,.235,stanlca01
517,Nik Stauskas,SG,28,TOT,8,39,.357,.286,.071,.071,.071,.071,.714,.250,.000,.000,1.000,.000,.400,stausni01
517,Nik Stauskas,SG,28,MIA,2,24,.375,.500,.125,.125,.125,.125,.500,.250,.000,.000,1.000,.000,.500,stausni01
517,Nik Stauskas,SG,28,BOS,6,15,.333,.000,.000,.000,.000,.000,1.000,,,,,,.333,stausni01
518,Lance Stephenson,PG-SG,31,TOT,46,814,.455,.721,.220,.164,.080,.257,.279,.515,.662,.547,.423,.398,.300,stephla01
518,Lance Stephenson,SG,31,ATL,6,70,.385,.769,.231,.000,.154,.385,.231,.500,.667,,.500,.400,.000,stephla01
518,Lance Stephenson,PG,31,IND,40,744,.458,.719,.219,.171,.077,.252,.281,.516,.662,.547,.417,.397,.310,stephla01
519,Lamar Stevens,PF,24,CLE,63,1015,.489,.796,.382,.201,.125,.088,.204,.543,.730,.266,.475,.464,.277,stevela01
520,Isaiah Stewart,C,20,DET,71,1816,.510,.906,.584,.243,.039,.041,.094,.529,.591,.445,.158,.500,.326,stewais01
521,Max Strus,SF,25,MIA,68,1587,.441,.216,.135,.053,.016,.012,.784,.557,.658,.433,.222,.429,.410,strusma01
522,Jalen Suggs,PG,20,ORL,48,1307,.361,.642,.263,.245,.069,.066,.358,.443,.611,.313,.395,.306,.214,suggsja01
523,Craig Sword,SG,28,WAS,3,19,.750,.750,.750,.000,.000,.000,.250,1.000,1.000,,,,.000,swordcr01
524,Keifer Sykes,PG,28,IND,32,566,.363,.526,.168,.079,.116,.163,.474,.420,.688,.333,.182,.355,.300,sykeske01
525,Jae'Sean Tate,PF,26,HOU,78,2056,.498,.723,.414,.295,.010,.004,.277,.569,.705,.391,.286,.333,.312,tateja01
526,Jayson Tatum,SF,23,BOS,76,2731,.453,.584,.220,.176,.088,.100,.416,.524,.741,.413,.328,.410,.353,tatumja01
527,Terry Taylor,SG,22,IND,33,714,.614,.827,.482,.282,.045,.018,.173,.676,.755,.565,.600,.500,.316,taylote01
528,Garrett Temple,SG,35,NOP,59,1098,.376,.373,.180,.071,.071,.051,.627,.473,.642,.429,.238,.267,.319,templga01
529,Emanuel Terry,PF,25,PHO,3,18,.000,1.000,.600,.400,.000,.000,.000,.000,.000,.000,,,,terryem01
530,Tyrell Terry,PG,21,MEM,2,3,1.000,1.000,.000,.000,1.000,.000,.000,1.000,,,1.000,,,terryty01
531,Jon Teske,C,24,MEM,3,8,.000,1.000,.000,.000,1.000,.000,.000,.000,,,.000,,,teskejo01
532,Daniel Theis,C,29,TOT,47,977,.519,.632,.378,.134,.076,.045,.368,.641,.745,.590,.364,.385,.308,theisda01
532,Daniel Theis,C,29,HOU,26,584,.469,.559,.346,.089,.078,.045,.441,.610,.710,.625,.357,.250,.291,theisda01
532,Daniel Theis,C,29,BOS,21,393,.598,.750,.429,.205,.071,.045,.250,.679,.792,.565,.375,.600,.357,theisda01
533,Brodric Thomas,SG,25,BOS,12,60,.444,.500,.389,.111,.000,.000,.500,.667,.857,.000,,,.222,thomabr01
534,Cam Thomas,SG,20,BRK,67,1176,.433,.654,.107,.145,.250,.151,.346,.520,.574,.521,.548,.434,.270,thomaca02
535,Isaiah Thomas,PG,32,TOT,22,333,.401,.503,.126,.180,.132,.066,.497,.464,.571,.233,.636,.545,.337,thomais02
535,Isaiah Thomas,PG,32,LAL,4,101,.308,.436,.103,.077,.205,.051,.564,.412,.500,.000,.625,.000,.227,thomais02
535,Isaiah Thomas,PG,32,DAL,1,13,.375,.625,.125,.000,.250,.250,.375,.600,1.000,,.500,.500,.000,thomais02
535,Isaiah Thomas,PG,32,CHO,17,219,.433,.517,.133,.225,.100,.058,.483,.468,.563,.259,.667,.714,.397,thomais02
536,Matt Thomas,SG,27,CHI,40,459,.410,.321,.007,.015,.082,.216,.679,.465,1.000,.000,.273,.552,.385,thomama02
537,Klay Thompson,SG,31,GSW,32,941,.429,.483,.061,.129,.162,.131,.517,.477,.714,.486,.409,.440,.385,thompkl01
538,Tristan Thompson,PF,30,TOT,57,897,.528,.989,.487,.464,.034,.004,.011,.530,.608,.452,.556,.000,.333,thomptr01
538,Tristan Thompson,PF,30,SAC,30,455,.503,.993,.497,.470,.026,.000,.007,.500,.560,.423,.750,,1.000,thomptr01
538,Tristan Thompson,PF,30,IND,4,66,.542,1.000,.292,.667,.042,.000,.000,.542,.857,.375,1.000,,,thomptr01
538,Tristan Thompson,PF,30,CHI,23,376,.565,.978,.522,.402,.043,.011,.022,.578,.646,.541,.250,.000,.000,thomptr01
539,JT Thor,PF,19,CHO,33,262,.436,.509,.255,.127,.073,.055,.491,.607,.786,.429,.250,.667,.259,thorjt01
540,Matisse Thybulle,SG,24,PHI,66,1685,.500,.520,.407,.097,.017,.000,.480,.673,.795,.276,.000,,.313,thybuma01
541,Killian Tillie,C,23,MEM,36,461,.339,.323,.126,.157,.039,.000,.677,.390,.688,.200,.200,,.314,tilliki02
542,Xavier Tillman Sr.,PF,23,MEM,53,701,.454,.773,.389,.245,.106,.032,.227,.527,.595,.472,.478,.286,.204,tillmxa01
543,Isaiah Todd,PF,20,WAS,12,74,.269,.385,.154,.115,.077,.038,.615,.300,.250,.333,.000,1.000,.250,toddis01
544,Obi Toppin,PF,23,NYK,72,1230,.531,.643,.505,.108,.017,.013,.357,.655,.728,.392,.375,.333,.308,toppiob01
545,Juan Toscano-Anderson,SF,28,GSW,73,994,.489,.630,.328,.277,.013,.013,.370,.588,.662,.538,.000,.333,.322,toscaju01
546,Karl-Anthony Towns,C,26,MIN,74,2476,.529,.699,.333,.255,.049,.062,.301,.580,.688,.537,.350,.360,.410,townska01
547,Gary Trent Jr.,SG,23,TOR,70,2448,.414,.498,.087,.131,.113,.167,.502,.445,.579,.415,.480,.376,.383,trentga02
548,P.J. Tucker,PF,36,MIA,71,1981,.484,.549,.199,.255,.079,.016,.451,.540,.600,.532,.471,.286,.415,tuckepj01
549,Rayjon Tucker,SG,24,TOT,5,71,.667,.444,.222,.000,.111,.111,.556,.500,1.000,,.000,.000,.800,tuckera01
549,Rayjon Tucker,SG,24,DEN,3,29,.500,.000,.000,.000,.000,.000,1.000,,,,,,.500,tuckera01
549,Rayjon Tucker,SG,24,MIL,2,42,.714,.571,.286,.000,.143,.143,.429,.500,1.000,,.000,.000,1.000,tuckera01
550,Myles Turner,C,25,IND,42,1235,.509,.534,.242,.216,.048,.028,.466,.662,.789,.565,.526,.545,.333,turnemy01
551,Jonas Valanciunas,C,29,NOP,74,2240,.544,.832,.333,.324,.132,.043,.168,.581,.696,.520,.484,.450,.361,valanjo01
552,Denzel Valentine,SG,28,TOT,24,222,.379,.288,.061,.091,.106,.030,.712,.316,.750,.333,.143,.000,.404,valende01
552,Denzel Valentine,SG,28,CLE,22,204,.371,.290,.065,.081,.113,.032,.710,.278,.750,.200,.143,.000,.409,valende01
552,Denzel Valentine,SG,28,UTA,2,18,.500,.250,.000,.250,.000,.000,.750,1.000,,1.000,,,.333,valende01
553,Jarred Vanderbilt,PF,22,MIN,74,1880,.587,.961,.726,.211,.022,.003,.039,.605,.710,.289,.250,.000,.143,vandeja01
554,Fred VanVleet,PG,27,TOR,65,2462,.403,.415,.086,.122,.091,.116,.585,.440,.649,.313,.410,.441,.377,vanvlfr01
555,Devin Vassell,SF,21,SAS,71,1937,.427,.503,.131,.126,.151,.096,.497,.492,.670,.448,.417,.425,.361,vassede01
556,Gabe Vincent,PG,25,MIA,68,1589,.417,.370,.138,.078,.082,.072,.630,.500,.563,.475,.524,.378,.368,vincega01
557,Nikola Vucevic,C,31,CHI,73,2418,.473,.713,.223,.253,.137,.101,.287,.537,.708,.490,.449,.397,.314,vucevni01
558,Dean Wade,PF,25,CLE,51,980,.456,.346,.198,.055,.069,.023,.654,.640,.767,.500,.267,1.000,.359,wadede01
559,Franz Wagner,SF,20,ORL,79,2429,.468,.722,.295,.367,.043,.016,.278,.511,.625,.455,.310,.250,.354,wagnefr01
560,Moritz Wagner,C,24,ORL,63,960,.497,.492,.316,.169,.000,.008,.508,.672,.752,.552,,.000,.328,wagnemo01
561,Ish Wainright,PF,27,PHO,45,359,.394,.433,.231,.163,.019,.019,.567,.489,.708,.294,.000,.000,.322,wainris01
562,Kemba Walker,PG,31,NYK,37,948,.403,.462,.138,.130,.084,.111,.538,.444,.569,.375,.323,.463,.367,walkeke02
563,Lonnie Walker IV,SG,23,SAS,70,1612,.407,.538,.166,.122,.093,.157,.462,.487,.693,.430,.366,.383,.314,walkelo01
564,M.J. Walker,SG,23,PHO,2,8,.000,.500,.250,.250,.000,.000,.500,.000,.000,.000,,,.000,walkemj01
565,Tyrone Wallace,SG,27,NOP,6,75,.350,.600,.350,.150,.050,.050,.400,.417,.714,.000,.000,.000,.250,wallaty01
566,Derrick Walton,PG,26,DET,3,108,.231,.500,.077,.192,.038,.192,.500,.231,.500,.200,.000,.200,.231,waltode01
567,Brad Wanamaker,PG,32,TOT,23,320,.364,.779,.208,.208,.169,.195,.221,.400,.438,.438,.462,.267,.235,wanambr01
567,Brad Wanamaker,PG,32,IND,22,293,.361,.764,.222,.222,.139,.181,.236,.400,.438,.438,.400,.308,.235,wanambr01
567,Brad Wanamaker,PG,32,WAS,1,27,.400,1.000,.000,.000,.600,.400,.000,.400,,,.667,.000,,wanambr01
568,Duane Washington Jr.,PG,21,IND,48,968,.405,.496,.201,.155,.080,.061,.504,.434,.535,.379,.353,.346,.377,washidu02
569,P.J. Washington,C,23,CHO,65,1768,.470,.434,.286,.132,.015,.002,.566,.606,.711,.400,.500,.000,.365,washipj01
570,Yuta Watanabe,SF,27,TOR,38,445,.406,.428,.167,.130,.101,.029,.572,.492,.565,.333,.571,.500,.342,watanyu01
571,Lindy Waters III,SG,24,OKC,25,465,.406,.166,.040,.097,.023,.006,.834,.621,.714,.647,.250,1.000,.363,waterli01
572,Tremont Waters,PG,24,TOT,3,50,.286,.357,.000,.143,.143,.071,.643,.400,,.500,.500,.000,.222,watertr01
572,Tremont Waters,PG,24,TOR,2,42,.250,.250,.000,.083,.083,.083,.750,.333,,.000,1.000,.000,.222,watertr01
572,Tremont Waters,PG,24,WAS,1,8,.500,1.000,.000,.500,.500,.000,.000,.500,,1.000,.000,,,watertr01
573,Trendon Watford,SF,21,POR,48,869,.532,.858,.371,.337,.135,.015,.142,.581,.768,.478,.361,.250,.237,watfotr01
574,Paul Watson,SF,27,OKC,9,156,.343,.257,.114,.114,.029,.000,.743,.667,.750,.500,1.000,,.231,watsopa01
575,Quinndary Weatherspoon,SG,25,GSW,11,73,.571,.762,.476,.238,.048,.000,.238,.688,.800,.600,.000,,.200,weathqu01
576,Russell Westbrook,PG,33,LAL,78,2678,.444,.785,.333,.232,.106,.114,.215,.485,.623,.388,.374,.379,.298,westbru01
577,Coby White,PG,21,CHI,61,1675,.433,.452,.183,.130,.065,.073,.548,.491,.661,.357,.381,.404,.385,whiteco01
578,Derrick White,SG,27,TOT,75,2199,.421,.539,.159,.231,.120,.029,.461,.515,.614,.503,.479,.217,.312,whitede01
578,Derrick White,SG,27,SAS,49,1486,.426,.547,.168,.228,.126,.025,.453,.519,.594,.515,.472,.286,.314,whitede01
578,Derrick White,SG,27,BOS,26,713,.409,.517,.135,.239,.104,.039,.483,.504,.677,.473,.500,.111,.306,whitede01
579,Hassan Whiteside,C,32,UTA,65,1162,.652,1.000,.552,.376,.058,.015,.000,.652,.802,.516,.263,.000,,whiteha01
580,Joe Wieskamp,SG,22,SAS,29,205,.357,.232,.071,.054,.036,.071,.768,.462,.750,.333,.500,.250,.326,wieskjo01
581,Aaron Wiggins,SG,23,OKC,50,1209,.463,.591,.249,.318,.018,.006,.409,.573,.655,.514,.500,.500,.304,wiggiaa01
582,Andrew Wiggins,SF,26,GSW,73,2329,.466,.608,.161,.242,.094,.111,.392,.513,.732,.490,.365,.372,.393,wiggian01
583,Lindell Wigginton,PG,23,MIL,19,199,.426,.574,.377,.180,.016,.000,.426,.486,.609,.273,.000,,.346,wiggili01
584,Brandon Williams,PG,22,POR,24,640,.372,.624,.259,.184,.099,.082,.376,.420,.507,.327,.429,.348,.292,willibr03
585,Grant Williams,PF,23,BOS,77,1875,.475,.403,.185,.169,.035,.014,.597,.569,.750,.493,.133,.167,.411,willigr01
586,Kenrich Williams,SF,27,OKC,49,1072,.461,.618,.243,.224,.079,.073,.382,.536,.649,.479,.480,.391,.339,willike04
587,Lou Williams,PG,35,ATL,56,799,.391,.681,.116,.159,.244,.163,.319,.404,.514,.392,.372,.385,.363,willilo02
588,Patrick Williams,PF,20,CHI,17,422,.529,.716,.275,.147,.108,.186,.284,.534,.714,.400,.545,.368,.517,willipa01
589,Robert Williams,C,24,BOS,61,1804,.736,.997,.772,.198,.014,.014,.003,.738,.792,.589,.200,.400,.000,williro04
590,Ziaire Williams,SF,20,MEM,62,1346,.450,.429,.179,.108,.083,.059,.571,.632,.855,.478,.343,.640,.314,willizi02
591,D.J. Wilson,PF,25,TOR,4,54,.733,.867,.400,.133,.200,.133,.133,.846,1.000,.500,.667,1.000,.000,wilsodj01
592,Dylan Windler,SF,25,CLE,50,459,.378,.286,.194,.082,.010,.000,.714,.571,.632,.500,.000,,.300,windldy01
593,Justise Winslow,PF,25,TOT,48,774,.428,.743,.354,.257,.070,.062,.257,.497,.681,.379,.222,.250,.227,winslju01
593,Justise Winslow,PF,25,LAC,37,479,.447,.794,.362,.319,.078,.035,.206,.518,.686,.422,.273,.200,.172,winslju01
593,Justise Winslow,PF,25,POR,11,295,.405,.681,.345,.181,.060,.095,.319,.468,.675,.286,.143,.273,.270,winslju01
594,Cassius Winston,PG,23,WAS,7,39,.364,.455,.091,.091,.182,.091,.545,.400,.000,.000,.500,1.000,.333,winstca01
595,Christian Wood,C,26,HOU,68,2094,.501,.617,.312,.211,.054,.041,.383,.570,.737,.454,.340,.194,.390,woodch01
596,Robert Woodard II,SF,22,SAC,12,42,.125,.750,.188,.250,.125,.188,.250,.083,.333,.000,.000,.000,.250,woodaro01
597,Delon Wright,SG,29,ATL,77,1452,.454,.569,.294,.190,.045,.041,.431,.510,.620,.412,.250,.455,.379,wrighde01
598,McKinley Wright IV,PG,23,MIN,5,19,.667,.333,.000,.333,.000,.000,.667,1.000,,1.000,,,.500,wrighmc01
599,Moses Wright,PF,23,TOT,4,14,.250,.750,.250,.000,.500,.000,.250,.333,1.000,,.000,,.000,wrighmo01
599,Moses Wright,PF,23,LAC,1,1,,,,,,,,,,,,,,wrighmo01
599,Moses Wright,PF,23,DAL,3,13,.250,.750,.250,.000,.500,.000,.250,.333,1.000,,.000,,.000,wrighmo01
600,Gabe York,SG,28,IND,2,21,.286,.143,.000,.143,.000,.000,.857,1.000,,1.000,,,.167,yorkga01
601,Thaddeus Young,PF,33,TOT,52,845,.518,.824,.382,.393,.026,.022,.176,.554,.625,.523,.286,.167,.354,youngth01
601,Thaddeus Young,PF,33,SAS,26,370,.578,.961,.391,.516,.031,.023,.039,.602,.720,.561,.000,.333,.000,youngth01
601,Thaddeus Young,PF,33,TOR,26,475,.465,.701,.375,.285,.021,.021,.299,.495,.537,.463,.667,.000,.395,youngth01
602,Trae Young,PG,23,ATL,76,2652,.460,.605,.159,.204,.116,.126,.395,.512,.620,.451,.469,.513,.382,youngtr01
603,Omer Yurtseven,C,23,MIA,56,706,.526,.955,.437,.385,.113,.020,.045,.547,.722,.432,.357,.000,.091,yurtsom01
604,Cody Zeller,C,29,POR,27,355,.567,.956,.644,.267,.033,.011,.044,.593,.621,.542,.333,1.000,.000,zelleco01
605,Ivica Zubac,C,24,LAC,76,1852,.626,1.000,.580,.382,.032,.006,.000,.626,.714,.508,.500,.333,,zubaciv01s